STATE,STATENAME,ST_CASE,PEDS,PERNOTMVIT,VE_TOTAL,VE_FORMS,PVH_INVL,PERSONS,PERMVIT,COUNTY,COUNTYNAME,CITY,CITYNAME,MONTH,MONTHNAME,DAY,DAYNAME,DAY_WEEK,DAY_WEEKNAME,YEAR,HOUR,HOURNAME,MINUTE,MINUTENAME,TWAY_ID,TWAY_ID2,ROUTE,ROUTENAME,RUR_URB,RUR_URBNAME,FUNC_SYS,FUNC_SYSNAME,RD_OWNER,RD_OWNERNAME,NHS,NHSNAME,SP_JUR,SP_JURNAME,MILEPT,MILEPTNAME,LATITUDE,LATITUDENAME,LONGITUD,LONGITUDNAME,HARM_EV,HARM_EVNAME,MAN_COLL,MAN_COLLNAME,RELJCT1,RELJCT1NAME,RELJCT2,RELJCT2NAME,TYP_INT,TYP_INTNAME,REL_ROAD,REL_ROADNAME,WRK_ZONE,WRK_ZONENAME,LGT_COND,LGT_CONDNAME,WEATHER,WEATHERNAME,SCH_BUS,SCH_BUSNAME,RAIL,RAILNAME,NOT_HOUR,NOT_HOURNAME,NOT_MIN,NOT_MINNAME,ARR_HOUR,ARR_HOURNAME,ARR_MIN,ARR_MINNAME,HOSP_HR,HOSP_HRNAME,HOSP_MN,HOSP_MNNAME,FATALS
22,Louisiana,220116,1,1,1,1,0,1,1,71,ORLEANS (71),1690,NEW ORLEANS,3,March,19,19,7,Saturday,2022,20,8:00pm-8:59pm,19,19,I-510,NA,1,Interstate,2,Urban,1,Interstate,1,State Highway Agency,1,This section IS ON the NHS,0,No Special Jurisdiction,10,10,30.03040833,30.03040833,-89.93754722,-89.93754722,8,Pedestrian,0,The First Harmful Event was Not a Collision with a Motor Vehicle in Transport,1,Yes,20,Entrance/Exit Ramp,1,Not an Intersection,1,On Roadway,0,None,2,Dark - Not Lighted,1,Clear,0,No,0000000,Not Applicable,99,Unknown,98,Unknown if Notified,99,Unknown EMS Scene Arrival Hour,98,Unknown if Arrived,88,Not Applicable (Not Transported),88,Not Applicable (Not Transported),1
22,Louisiana,220117,1,1,1,1,0,1,1,63,LIVINGSTON (63),9898,Not Reported,3,March,2,2,4,Wednesday,2022,18,6:00pm-6:59pm,58,58,CR-S SATSUMA ROAD,NA,4,County Road,1,Rural,7,Local,2,County Highway Agency,0,This section IS NOT on the NHS,0,No Special Jurisdiction,0,None,30.43756667,30.43756667,-90.78961111,-90.78961111,8,Pedestrian,0,The First Harmful Event was Not a Collision with a Motor Vehicle in Transport,0,No,1,Non-Junction,1,Not an Intersection,1,On Roadway,0,None,2,Dark - Not Lighted,1,Clear,0,No,0000000,Not Applicable,19,7:00pm-7:59pm,2,2,19,7:00pm-7:59pm,26,26,88,Not Applicable (Not Transported),88,Not Applicable (Not Transported),1
22,Louisiana,220118,0,0,1,1,0,1,1,35,EAST CARROLL (35),9898,Not Reported,3,March,20,20,1,Sunday,2022,21,9:00pm-9:59pm,13,13,US-65,NA,2,US Highway,2,Urban,3,Principal Arterial - Other,1,State Highway Agency,1,This section IS ON the NHS,0,No Special Jurisdiction,862,862,32.81212222,32.81212222,-91.18951667,-91.18951667,42,Tree (Standing Only),0,The First Harmful Event was Not a Collision with a Motor Vehicle in Transport,0,No,1,Non-Junction,1,Not an Intersection,4,On Roadside,0,None,2,Dark - Not Lighted,1,Clear,0,No,0000000,Not Applicable,88,Not Applicable (Not Notified),88,Not Applicable (Not Notified),88,Not Applicable,88,Not Applicable,88,Not Applicable (Not Transported),88,Not Applicable (Not Transported),1
22,Louisiana,220119,0,0,2,2,0,4,4,63,LIVINGSTON (63),791,FRENCH SETTLEMENT,2,February,17,17,5,Thursday,2022,12,12:00pm-12:59pm,49,49,SR-16,NA,3,State Highway,2,Urban,4,Minor Arterial,1,State Highway Agency,0,This section IS NOT on the NHS,0,No Special Jurisdiction,63,63,30.32720278,30.32720278,-90.82008889,-90.82008889,12,Motor Vehicle In-Transport,2,Front-to-Front,0,No,1,Non-Junction,1,Not an Intersection,1,On Roadway,0,None,1,Daylight,10,Cloudy,0,No,0000000,Not Applicable,12,12:00pm-12:59pm,50,50,13,1:00pm-1:59pm,17,17,14,2:00pm-2:59pm,6,6,1
22,Louisiana,220120,1,1,1,1,0,1,1,5,ASCENSION (5),0,NOT APPLICABLE,2,February,27,27,1,Sunday,2022,0,0:00am-0:59am,15,15,SR-938,NA,3,State Highway,1,Rural,7,Local,1,State Highway Agency,0,This section IS NOT on the NHS,0,No Special Jurisdiction,13,13,30.24708889,30.24708889,-90.93014167,-90.93014167,8,Pedestrian,0,The First Harmful Event was Not a Collision with a Motor Vehicle in Transport,0,No,1,Non-Junction,1,Not an Intersection,4,On Roadside,0,None,2,Dark - Not Lighted,1,Clear,0,No,0000000,Not Applicable,0,0:00am-0:59am,8,8,0,0:00am-0:59am,14,14,88,Not Applicable (Not Transported),88,Not Applicable (Not Transported),1
22,Louisiana,220122,0,0,1,1,0,1,1,19,CALCASIEU (19),0,NOT APPLICABLE,3,March,5,5,7,Saturday,2022,23,11:00pm-11:59pm,45,45,CR-OLD HWY  90,NA,4,County Road,2,Urban,7,Local,2,County Highway Agency,0,This section IS NOT on the NHS,0,No Special Jurisdiction,0,None,30.1021,30.1021,-93.69311944,-93.69311944,3,Immersion or Partial Immersion,0,The First Harmful Event was Not a Collision with a Motor Vehicle in Transport,0,No,1,Non-Junction,1,Not an Intersection,4,On Roadside,0,None,2,Dark - Not Lighted,1,Clear,0,No,0000000,Not Applicable,99,Unknown,98,Unknown if Notified,99,Unknown EMS Scene Arrival Hour,98,Unknown if Arrived,88,Not Applicable (Not Transported),88,Not Applicable (Not Transported),1
22,Louisiana,220123,0,0,1,1,0,2,2,5,ASCENSION (5),0,NOT APPLICABLE,3,March,25,25,6,Friday,2022,1,1:00am-1:59am,11,11,I-10,NA,1,Interstate,1,Rural,1,Interstate,1,State Highway Agency,1,This section IS ON the NHS,0,No Special Jurisdiction,1846,1846,30.16534444,30.16534444,-90.85390833,-90.85390833,43,Other Fixed Object,0,The First Harmful Event was Not a Collision with a Motor Vehicle in Transport,0,No,1,Non-Junction,1,Not an Intersection,4,On Roadside,0,None,2,Dark - Not Lighted,1,Clear,0,No,0000000,Not Applicable,1,1:00am-1:59am,11,11,1,1:00am-1:59am,38,38,2,2:00am-2:59am,20,20,1
22,Louisiana,220124,0,0,1,1,0,1,1,127,WINN (127),0,NOT APPLICABLE,3,March,26,26,7,Saturday,2022,17,5:00pm-5:59pm,53,53,SR-126,NA,3,State Highway,1,Rural,5,Major Collector,1,State Highway Agency,0,This section IS NOT on the NHS,0,No Special Jurisdiction,126,126,32.1214,32.1214,-92.77671111,-92.77671111,35,Embankment,0,The First Harmful Event was Not a Collision with a Motor Vehicle in Transport,0,No,1,Non-Junction,1,Not an Intersection,4,On Roadside,0,None,1,Daylight,1,Clear,0,No,0000000,Not Applicable,17,5:00pm-5:59pm,59,59,18,6:00pm-6:59pm,20,20,88,Not Applicable (Not Transported),88,Not Applicable (Not Transported),1
22,Louisiana,220125,1,1,1,1,0,1,1,71,ORLEANS (71),1690,NEW ORLEANS,3,March,29,29,3,Tuesday,2022,19,7:00pm-7:59pm,57,57,I-10,NA,1,Interstate,2,Urban,1,Interstate,1,State Highway Agency,1,This section IS ON the NHS,0,No Special Jurisdiction,2471,2471,30.05706111,30.05706111,-89.94375,-89.94375,8,Pedestrian,0,The First Harmful Event was Not a Collision with a Motor Vehicle in Transport,0,No,1,Non-Junction,1,Not an Intersection,1,On Roadway,0,None,2,Dark - Not Lighted,1,Clear,0,No,0000000,Not Applicable,19,7:00pm-7:59pm,57,57,20,8:00pm-8:59pm,0,0,88,Not Applicable (Not Transported),88,Not Applicable (Not Transported),1
22,Louisiana,220126,1,1,1,1,0,2,2,55,LAFAYETTE (55),1230,LAFAYETTE,3,March,31,31,5,Thursday,2022,21,9:00pm-9:59pm,32,32,MARIE ANTOINETTE ST,NA,6,Local Street - Municipality,2,Urban,7,Local,4,City or Municipal Highway Agency,0,This section IS NOT on the NHS,0,No Special Jurisdiction,0,None,30.20787222,30.20787222,-92.06058056,-92.06058056,8,Pedestrian,0,The First Harmful Event was Not a Collision with a Motor Vehicle in Transport,0,No,1,Non-Junction,1,Not an Intersection,1,On Roadway,0,None,3,Dark - Lighted,1,Clear,0,No,0000000,Not Applicable,21,9:00pm-9:59pm,34,34,21,9:00pm-9:59pm,39,39,22,10:00pm-10:59pm,3,3,1
22,Louisiana,220127,0,0,2,2,0,2,2,39,EVANGELINE (39),2320,VILLE PLATTE,1,January,4,4,3,Tuesday,2022,9,9:00am-9:59am,30,30,US-167,NA,2,US Highway,2,Urban,4,Minor Arterial,1,State Highway Agency,0,This section IS NOT on the NHS,0,No Special Jurisdiction,611,611,30.67796944,30.67796944,-92.2488,-92.2488,12,Motor Vehicle In-Transport,6,Angle,0,No,8,Driveway Access Related,1,Not an Intersection,1,On Roadway,0,None,1,Daylight,1,Clear,0,No,0000000,Not Applicable,10,10:00am-10:59am,0,0,10,10:00am-10:59am,5,5,10,10:00am-10:59am,42,42,1
22,Louisiana,220128,1,1,1,1,0,1,1,79,RAPIDES (79),112,BALL,1,January,11,11,3,Tuesday,2022,17,5:00pm-5:59pm,48,48,US-165,NA,2,US Highway,2,Urban,3,Principal Arterial - Other,1,State Highway Agency,1,This section IS ON the NHS,0,No Special Jurisdiction,900,900,31.38063056,31.38063056,-92.4064,-92.4064,8,Pedestrian,0,The First Harmful Event was Not a Collision with a Motor Vehicle in Transport,0,No,1,Non-Junction,1,Not an Intersection,1,On Roadway,0,None,5,Dusk,1,Clear,0,No,0000000,Not Applicable,17,5:00pm-5:59pm,49,49,17,5:00pm-5:59pm,58,58,88,Not Applicable (Not Transported),88,Not Applicable (Not Transported),1
22,Louisiana,220129,0,0,2,2,0,2,2,15,BOSSIER (15),230,BOSSIER CITY,1,January,30,30,1,Sunday,2022,1,1:00am-1:59am,4,4,SHED ROAD,NA,6,Local Street - Municipality,2,Urban,7,Local,4,City or Municipal Highway Agency,0,This section IS NOT on the NHS,0,No Special Jurisdiction,0,None,32.53284167,32.53284167,-93.70359167,-93.70359167,12,Motor Vehicle In-Transport,2,Front-to-Front,0,No,1,Non-Junction,1,Not an Intersection,1,On Roadway,0,None,3,Dark - Lighted,1,Clear,0,No,0000000,Not Applicable,1,1:00am-1:59am,8,8,1,1:00am-1:59am,13,13,1,1:00am-1:59am,28,28,1
22,Louisiana,220130,0,0,2,2,0,2,2,73,OUACHITA (73),2208,STERLINGTON,2,February,22,22,3,Tuesday,2022,10,10:00am-10:59am,28,28,SR-2,NA,3,State Highway,1,Rural,4,Minor Arterial,1,State Highway Agency,0,This section IS NOT on the NHS,0,No Special Jurisdiction,1345,1345,32.68439722,32.68439722,-92.05355278,-92.05355278,12,Motor Vehicle In-Transport,2,Front-to-Front,0,No,1,Non-Junction,1,Not an Intersection,1,On Roadway,0,None,1,Daylight,10,Cloudy,0,No,0000000,Not Applicable,10,10:00am-10:59am,28,28,10,10:00am-10:59am,51,51,11,11:00am-11:59am,33,33,1
22,Louisiana,220131,2,3,3,1,2,2,1,51,JEFFERSON (51),0,NOT APPLICABLE,2,February,27,27,1,Sunday,2022,0,0:00am-0:59am,5,5,I-10,NA,1,Interstate,2,Urban,1,Interstate,1,State Highway Agency,1,This section IS ON the NHS,0,No Special Jurisdiction,2271,2271,29.99956667,29.99956667,-90.18919444,-90.18919444,14,Parked Motor Vehicle,0,The First Harmful Event was Not a Collision with a Motor Vehicle in Transport,1,Yes,19,Other location within Interchange Area,1,Not an Intersection,8,Gore,0,None,3,Dark - Lighted,1,Clear,0,No,0000000,Not Applicable,0,0:00am-0:59am,12,12,0,0:00am-0:59am,23,23,0,0:00am-0:59am,48,48,1
22,Louisiana,220132,0,0,7,3,4,5,5,31,DE SOTO (31),1420,MANSFIELD,2,February,28,28,2,Monday,2022,16,4:00pm-4:59pm,5,5,US-84,NA,2,US Highway,1,Rural,3,Principal Arterial - Other,1,State Highway Agency,1,This section IS ON the NHS,0,No Special Jurisdiction,178,178,32.01675833,32.01675833,-93.73924722,-93.73924722,12,Motor Vehicle In-Transport,6,Angle,0,No,1,Non-Junction,1,Not an Intersection,1,On Roadway,0,None,1,Daylight,1,Clear,0,No,0000000,Not Applicable,16,4:00pm-4:59pm,9,9,16,4:00pm-4:59pm,15,15,17,5:00pm-5:59pm,0,0,2
22,Louisiana,220133,0,0,2,2,0,2,2,67,MOREHOUSE (67),140,BASTROP,2,February,28,28,2,Monday,2022,14,2:00pm-2:59pm,14,14,US-165,SR-3051,2,US Highway,2,Urban,3,Principal Arterial - Other,1,State Highway Agency,1,This section IS ON the NHS,0,No Special Jurisdiction,2042,2042,32.77358056,32.77358056,-91.87678889,-91.87678889,12,Motor Vehicle In-Transport,2,Front-to-Front,0,No,2,Intersection,3,T-Intersection,1,On Roadway,0,None,1,Daylight,1,Clear,0,No,0000000,Not Applicable,14,2:00pm-2:59pm,21,21,14,2:00pm-2:59pm,32,32,14,2:00pm-2:59pm,45,45,1
22,Louisiana,220134,1,1,2,2,0,3,3,47,IBERVILLE (47),0,NOT APPLICABLE,3,March,4,4,6,Friday,2022,10,10:00am-10:59am,11,11,I-10,NA,1,Interstate,1,Rural,1,Interstate,1,State Highway Agency,1,This section IS ON the NHS,0,No Special Jurisdiction,1300,1300,30.37628056,30.37628056,-91.59706944,-91.59706944,12,Motor Vehicle In-Transport,1,Front-to-Rear,0,No,1,Non-Junction,1,Not an Intersection,1,On Roadway,0,None,1,Daylight,1,Clear,0,No,0000000,Not Applicable,10,10:00am-10:59am,11,11,12,12:00pm-12:59pm,18,18,12,12:00pm-12:59pm,58,58,1
22,Louisiana,220135,0,0,4,4,0,7,7,19,CALCASIEU (19),1250,LAKE CHARLES,3,March,7,7,2,Monday,2022,22,10:00pm-10:59pm,10,10,I-10,NA,1,Interstate,2,Urban,1,Interstate,1,State Highway Agency,1,This section IS ON the NHS,0,No Special Jurisdiction,351,351,30.24530278,30.24530278,-93.15325833,-93.15325833,12,Motor Vehicle In-Transport,7,Sideswipe - Same Direction,0,No,1,Non-Junction,1,Not an Intersection,1,On Roadway,0,None,2,Dark - Not Lighted,1,Clear,0,No,0000000,Not Applicable,22,10:00pm-10:59pm,12,12,22,10:00pm-10:59pm,20,20,22,10:00pm-10:59pm,58,58,2
22,Louisiana,220136,0,0,2,2,0,3,3,127,WINN (127),0,NOT APPLICABLE,3,March,8,8,3,Tuesday,2022,17,5:00pm-5:59pm,0,0,US-71,NA,2,US Highway,1,Rural,4,Minor Arterial,1,State Highway Agency,0,This section IS NOT on the NHS,0,No Special Jurisdiction,1164,1164,31.74143056,31.74143056,-92.93055,-92.93055,12,Motor Vehicle In-Transport,2,Front-to-Front,0,No,1,Non-Junction,1,Not an Intersection,1,On Roadway,0,None,1,Daylight,2,Rain,0,No,0000000,Not Applicable,16,4:00pm-4:59pm,58,58,17,5:00pm-5:59pm,5,5,18,6:00pm-6:59pm,12,12,1
22,Louisiana,220137,1,1,1,1,0,2,2,55,LAFAYETTE (55),1230,LAFAYETTE,3,March,8,8,3,Tuesday,2022,23,11:00pm-11:59pm,20,20,SR-723,NA,3,State Highway,2,Urban,5,Major Collector,1,State Highway Agency,0,This section IS NOT on the NHS,0,No Special Jurisdiction,77,77,30.25856111,30.25856111,-92.05751667,-92.05751667,9,Pedalcyclist,0,The First Harmful Event was Not a Collision with a Motor Vehicle in Transport,0,No,1,Non-Junction,1,Not an Intersection,1,On Roadway,0,None,3,Dark - Lighted,1,Clear,0,No,0000000,Not Applicable,23,11:00pm-11:59pm,15,15,23,11:00pm-11:59pm,28,28,23,11:00pm-11:59pm,47,47,1
22,Louisiana,220138,0,0,2,2,0,4,4,55,LAFAYETTE (55),1230,LAFAYETTE,3,March,9,9,4,Wednesday,2022,13,1:00pm-1:59pm,57,57,SR-94,SOUTH STERLING STREET,3,State Highway,2,Urban,4,Minor Arterial,1,State Highway Agency,0,This section IS NOT on the NHS,0,No Special Jurisdiction,2,2,30.2269,30.2269,-92.00658056,-92.00658056,12,Motor Vehicle In-Transport,6,Angle,0,No,2,Intersection,2,Four-Way Intersection,1,On Roadway,0,None,1,Daylight,1,Clear,0,No,0000000,Not Applicable,13,1:00pm-1:59pm,57,57,14,2:00pm-2:59pm,3,3,14,2:00pm-2:59pm,22,22,1
22,Louisiana,220139,0,0,2,2,0,2,2,103,ST. TAMMANY (103),0,NOT APPLICABLE,3,March,10,10,5,Thursday,2022,16,4:00pm-4:59pm,12,12,I-12,NA,1,Interstate,2,Urban,1,Interstate,1,State Highway Agency,1,This section IS ON the NHS,0,No Special Jurisdiction,832,832,30.31034722,30.31034722,-89.78389722,-89.78389722,12,Motor Vehicle In-Transport,1,Front-to-Rear,0,No,1,Non-Junction,1,Not an Intersection,1,On Roadway,0,None,1,Daylight,1,Clear,0,No,0000000,Not Applicable,16,4:00pm-4:59pm,17,17,16,4:00pm-4:59pm,19,19,88,Not Applicable (Not Transported),88,Not Applicable (Not Transported),1
22,Louisiana,220140,0,0,2,2,0,3,3,43,GRANT (43),0,NOT APPLICABLE,3,March,14,14,2,Monday,2022,10,10:00am-10:59am,37,37,US-71,WHISPERING PINES ROAD,2,US Highway,1,Rural,4,Minor Arterial,1,State Highway Agency,0,This section IS NOT on the NHS,0,No Special Jurisdiction,1083,1083,31.64545278,31.64545278,-92.85741667,-92.85741667,12,Motor Vehicle In-Transport,6,Angle,0,No,2,Intersection,3,T-Intersection,1,On Roadway,0,None,1,Daylight,10,Cloudy,0,No,0000000,Not Applicable,10,10:00am-10:59am,37,37,10,10:00am-10:59am,54,54,12,12:00pm-12:59pm,2,2,1
22,Louisiana,220141,0,0,2,2,0,2,2,101,ST. MARY (101),190,BERWICK,3,March,20,20,1,Sunday,2022,21,9:00pm-9:59pm,56,56,SR-182,NA,3,State Highway,2,Urban,4,Minor Arterial,1,State Highway Agency,0,This section IS NOT on the NHS,0,No Special Jurisdiction,534,534,29.69538889,29.69538889,-91.21738056,-91.21738056,12,Motor Vehicle In-Transport,1,Front-to-Rear,0,No,1,Non-Junction,1,Not an Intersection,1,On Roadway,0,None,2,Dark - Not Lighted,1,Clear,0,No,0000000,Not Applicable,21,9:00pm-9:59pm,56,56,22,10:00pm-10:59pm,19,19,88,Not Applicable (Not Transported),88,Not Applicable (Not Transported),1
22,Louisiana,220142,0,0,2,2,0,2,2,75,PLAQUEMINES (75),0,NOT APPLICABLE,3,March,22,22,3,Tuesday,2022,22,10:00pm-10:59pm,5,5,SR-23,NA,3,State Highway,1,Rural,4,Minor Arterial,1,State Highway Agency,0,This section IS NOT on the NHS,0,No Special Jurisdiction,16,16,29.28768889,29.28768889,-89.36606944,-89.36606944,12,Motor Vehicle In-Transport,1,Front-to-Rear,0,No,1,Non-Junction,1,Not an Intersection,1,On Roadway,0,None,2,Dark - Not Lighted,2,Rain,0,No,0000000,Not Applicable,22,10:00pm-10:59pm,6,6,22,10:00pm-10:59pm,33,33,23,11:00pm-11:59pm,50,50,1
22,Louisiana,220143,0,0,2,2,0,2,2,105,TANGIPAHOA (105),980,HAMMOND,3,March,23,23,4,Wednesday,2022,1,1:00am-1:59am,0,0,US-190,NA,2,US Highway,2,Urban,3,Principal Arterial - Other,1,State Highway Agency,1,This section IS ON the NHS,0,No Special Jurisdiction,2213,2213,30.50564722,30.50564722,-90.45425,-90.45425,12,Motor Vehicle In-Transport,2,Front-to-Front,0,No,1,Non-Junction,1,Not an Intersection,1,On Roadway,0,None,2,Dark - Not Lighted,1,Clear,0,No,0000000,Not Applicable,1,1:00am-1:59am,10,10,1,1:00am-1:59am,17,17,1,1:00am-1:59am,44,44,1
22,Louisiana,220144,0,0,3,3,0,7,7,121,WEST BATON ROUGE (121),0,NOT APPLICABLE,3,March,24,24,5,Thursday,2022,11,11:00am-11:59am,0,0,I-10,NA,1,Interstate,2,Urban,1,Interstate,1,State Highway Agency,1,This section IS ON the NHS,0,No Special Jurisdiction,1531,1531,30.44318889,30.44318889,-91.22493056,-91.22493056,12,Motor Vehicle In-Transport,1,Front-to-Rear,0,No,1,Non-Junction,1,Not an Intersection,1,On Roadway,0,None,1,Daylight,1,Clear,0,No,0000000,Not Applicable,11,11:00am-11:59am,3,3,99,Unknown EMS Scene Arrival Hour,99,Unknown EMS Scene Arrival Minutes,99,Unknown,99,Unknown EMS Hospital Arrival Time,1
22,Louisiana,220145,1,1,1,1,0,1,1,73,OUACHITA (73),0,NOT APPLICABLE,3,March,25,25,6,Friday,2022,19,7:00pm-7:59pm,18,18,SR-616,NA,3,State Highway,2,Urban,4,Minor Arterial,1,State Highway Agency,0,This section IS NOT on the NHS,0,No Special Jurisdiction,38,38,32.53508889,32.53508889,-92.18330833,-92.18330833,9,Pedalcyclist,0,The First Harmful Event was Not a Collision with a Motor Vehicle in Transport,0,No,1,Non-Junction,1,Not an Intersection,1,On Roadway,0,None,1,Daylight,1,Clear,0,No,0000000,Not Applicable,19,7:00pm-7:59pm,14,14,19,7:00pm-7:59pm,21,21,19,7:00pm-7:59pm,37,37,1
22,Louisiana,220146,0,0,2,2,0,4,4,17,CADDO (17),2130,SHREVEPORT,3,March,26,26,7,Saturday,2022,16,4:00pm-4:59pm,45,45,I-20,NA,1,Interstate,2,Urban,1,Interstate,1,State Highway Agency,1,This section IS ON the NHS,0,No Special Jurisdiction,177,177,32.49621944,32.49621944,-93.76096944,-93.76096944,12,Motor Vehicle In-Transport,7,Sideswipe - Same Direction,1,Yes,18,Through Roadway,1,Not an Intersection,1,On Roadway,0,None,1,Daylight,1,Clear,0,No,0000000,Not Applicable,16,4:00pm-4:59pm,47,47,16,4:00pm-4:59pm,54,54,17,5:00pm-5:59pm,11,11,1
22,Louisiana,220147,0,0,2,2,0,3,3,1,ACADIA (1),0,NOT APPLICABLE,3,March,26,26,7,Saturday,2022,19,7:00pm-7:59pm,56,56,I-10,NA,1,Interstate,1,Rural,1,Interstate,1,State Highway Agency,1,This section IS ON the NHS,0,No Special Jurisdiction,698,698,30.23616667,30.23616667,-92.57589167,-92.57589167,12,Motor Vehicle In-Transport,1,Front-to-Rear,0,No,1,Non-Junction,1,Not an Intersection,1,On Roadway,0,None,2,Dark - Not Lighted,1,Clear,0,No,0000000,Not Applicable,19,7:00pm-7:59pm,58,58,20,8:00pm-8:59pm,19,19,20,8:00pm-8:59pm,59,59,1
22,Louisiana,220148,0,0,2,2,0,2,2,17,CADDO (17),2130,SHREVEPORT,3,March,29,29,3,Tuesday,2022,17,5:00pm-5:59pm,46,46,SR-1,WINTHROP STREET,3,State Highway,2,Urban,3,Principal Arterial - Other,1,State Highway Agency,1,This section IS ON the NHS,0,No Special Jurisdiction,3820,3820,32.41673889,32.41673889,-93.70331944,-93.70331944,12,Motor Vehicle In-Transport,6,Angle,0,No,2,Intersection,3,T-Intersection,1,On Roadway,0,None,1,Daylight,1,Clear,0,No,0000000,Not Applicable,17,5:00pm-5:59pm,44,44,17,5:00pm-5:59pm,48,48,99,Unknown,99,Unknown EMS Hospital Arrival Time,1
22,Louisiana,220149,0,0,2,2,0,2,2,17,CADDO (17),946,GREENWOOD,3,March,30,30,4,Wednesday,2022,16,4:00pm-4:59pm,23,23,US-80,SR-511,2,US Highway,2,Urban,3,Principal Arterial - Other,1,State Highway Agency,0,This section IS NOT on the NHS,0,No Special Jurisdiction,60,60,32.443,32.443,-93.95220278,-93.95220278,12,Motor Vehicle In-Transport,1,Front-to-Rear,1,Yes,2,Intersection,2,Four-Way Intersection,1,On Roadway,0,None,1,Daylight,1,Clear,0,No,0000000,Not Applicable,16,4:00pm-4:59pm,24,24,16,4:00pm-4:59pm,25,25,16,4:00pm-4:59pm,49,49,1
22,Louisiana,220150,0,0,2,2,0,2,2,17,CADDO (17),0,NOT APPLICABLE,3,March,30,30,4,Wednesday,2022,13,1:00pm-1:59pm,32,32,SR-525,NA,3,State Highway,1,Rural,5,Major Collector,1,State Highway Agency,0,This section IS NOT on the NHS,0,No Special Jurisdiction,6,6,32.31228611,32.31228611,-93.934,-93.934,12,Motor Vehicle In-Transport,6,Angle,0,No,1,Non-Junction,1,Not an Intersection,1,On Roadway,0,None,1,Daylight,2,Rain,0,No,0000000,Not Applicable,13,1:00pm-1:59pm,28,28,13,1:00pm-1:59pm,35,35,14,2:00pm-2:59pm,2,2,1
22,Louisiana,220151,0,0,2,2,0,2,2,47,IBERVILLE (47),0,NOT APPLICABLE,3,March,30,30,4,Wednesday,2022,18,6:00pm-6:59pm,7,7,SR-77,NA,3,State Highway,1,Rural,5,Major Collector,1,State Highway Agency,0,This section IS NOT on the NHS,0,No Special Jurisdiction,287,287,30.48113611,30.48113611,-91.50526389,-91.50526389,12,Motor Vehicle In-Transport,1,Front-to-Rear,0,No,1,Non-Junction,1,Not an Intersection,1,On Roadway,0,None,1,Daylight,10,Cloudy,0,No,0000000,Not Applicable,17,5:00pm-5:59pm,59,59,18,6:00pm-6:59pm,16,16,18,6:00pm-6:59pm,56,56,1
22,Louisiana,220152,0,0,2,2,0,4,4,19,CALCASIEU (19),1250,LAKE CHARLES,3,March,30,30,4,Wednesday,2022,7,7:00am-7:59am,30,30,SR-384,NA,3,State Highway,2,Urban,3,Principal Arterial - Other,1,State Highway Agency,1,This section IS ON the NHS,0,No Special Jurisdiction,322,322,30.16858889,30.16858889,-93.25018056,-93.25018056,12,Motor Vehicle In-Transport,6,Angle,0,No,8,Driveway Access Related,1,Not an Intersection,1,On Roadway,0,None,1,Daylight,1,Clear,0,No,0000000,Not Applicable,99,Unknown,99,Unknown,99,Unknown EMS Scene Arrival Hour,99,Unknown EMS Scene Arrival Minutes,99,Unknown,99,Unknown EMS Hospital Arrival Time,1
22,Louisiana,220153,1,1,1,1,0,1,1,33,EAST BATON ROUGE (33),945,GREENWELL SPRINGS,3,March,11,11,6,Friday,2022,19,7:00pm-7:59pm,30,30,SR-946,NA,3,State Highway,2,Urban,4,Minor Arterial,1,State Highway Agency,0,This section IS NOT on the NHS,0,No Special Jurisdiction,33,33,30.51838611,30.51838611,-91.06651111,-91.06651111,8,Pedestrian,0,The First Harmful Event was Not a Collision with a Motor Vehicle in Transport,0,No,1,Non-Junction,1,Not an Intersection,11,Continuous Left - Turn Lane,0,None,2,Dark - Not Lighted,2,Rain,0,No,0000000,Not Applicable,19,7:00pm-7:59pm,32,32,19,7:00pm-7:59pm,36,36,88,Not Applicable (Not Transported),88,Not Applicable (Not Transported),1
22,Louisiana,220154,0,0,2,2,0,4,4,1,ACADIA (1),390,CHURCH POINT,4,April,2,2,7,Saturday,2022,16,4:00pm-4:59pm,58,58,S MAIN ST,ROBERT ST,8,Other,2,Urban,7,Local,3,Town or Township Highway Agency,0,This section IS NOT on the NHS,0,No Special Jurisdiction,0,None,30.39715556,30.39715556,-92.2099,-92.2099,1,Rollover/Overturn,0,The First Harmful Event was Not a Collision with a Motor Vehicle in Transport,0,No,2,Intersection,2,Four-Way Intersection,1,On Roadway,0,None,1,Daylight,1,Clear,0,No,0000000,Not Applicable,16,4:00pm-4:59pm,59,59,17,5:00pm-5:59pm,11,11,99,Unknown,99,Unknown EMS Hospital Arrival Time,1
22,Louisiana,220155,0,0,2,2,0,2,2,73,OUACHITA (73),1560,MONROE,4,April,1,1,6,Friday,2022,21,9:00pm-9:59pm,46,46,SR-594,NA,3,State Highway,2,Urban,4,Minor Arterial,1,State Highway Agency,0,This section IS NOT on the NHS,0,No Special Jurisdiction,74,74,32.49888056,32.49888056,-91.99038889,-91.99038889,12,Motor Vehicle In-Transport,6,Angle,0,No,4,Driveway Access,1,Not an Intersection,1,On Roadway,0,None,2,Dark - Not Lighted,10,Cloudy,0,No,0000000,Not Applicable,21,9:00pm-9:59pm,47,47,21,9:00pm-9:59pm,55,55,99,Unknown,99,Unknown EMS Hospital Arrival Time,1
22,Louisiana,220156,0,0,1,1,0,1,1,119,WEBSTER (119),0,NOT APPLICABLE,4,April,5,5,3,Tuesday,2022,3,3:00am-3:59am,38,38,US-79,NA,2,US Highway,1,Rural,4,Minor Arterial,1,State Highway Agency,0,This section IS NOT on the NHS,0,No Special Jurisdiction,576,576,32.67163056,32.67163056,-93.20443889,-93.20443889,18,Other Object (not fixed),0,The First Harmful Event was Not a Collision with a Motor Vehicle in Transport,0,No,1,Non-Junction,1,Not an Intersection,1,On Roadway,0,None,2,Dark - Not Lighted,6,Severe Crosswinds,0,No,0000000,Not Applicable,4,4:00am-4:59am,3,3,4,4:00am-4:59am,12,12,88,Not Applicable (Not Transported),88,Not Applicable (Not Transported),1