STATE,STATENAME,ST_CASE,PEDS,PERNOTMVIT,VE_TOTAL,VE_FORMS,PVH_INVL,PERSONS,PERMVIT,COUNTY,COUNTYNAME,CITY,CITYNAME,MONTH,MONTHNAME,DAY,DAYNAME,DAY_WEEK,DAY_WEEKNAME,YEAR,HOUR,HOURNAME,MINUTE,MINUTENAME,TWAY_ID,TWAY_ID2,ROUTE,ROUTENAME,RUR_URB,RUR_URBNAME,FUNC_SYS,FUNC_SYSNAME,RD_OWNER,RD_OWNERNAME,NHS,NHSNAME,SP_JUR,SP_JURNAME,MILEPT,MILEPTNAME,LATITUDE,LATITUDENAME,LONGITUD,LONGITUDNAME,HARM_EV,HARM_EVNAME,MAN_COLL,MAN_COLLNAME,RELJCT1,RELJCT1NAME,RELJCT2,RELJCT2NAME,TYP_INT,TYP_INTNAME,REL_ROAD,REL_ROADNAME,WRK_ZONE,WRK_ZONENAME,LGT_COND,LGT_CONDNAME,WEATHER,WEATHERNAME,SCH_BUS,SCH_BUSNAME,RAIL,RAILNAME,NOT_HOUR,NOT_HOURNAME,NOT_MIN,NOT_MINNAME,ARR_HOUR,ARR_HOURNAME,ARR_MIN,ARR_MINNAME,HOSP_HR,HOSP_HRNAME,HOSP_MN,HOSP_MNNAME,FATALS
22,Louisiana,220279,1,1,1,1,0,1,1,57,LAFOURCHE (57),0,NOT APPLICABLE,5,May,12,12,5,Thursday,2022,5,5:00am-5:59am,10,10,SR-308,NA,3,State Highway,2,Urban,5,Major Collector,1,State Highway Agency,0,This section IS NOT on the NHS,0,No Special Jurisdiction,369,369,29.77285,29.77285,-90.76818611,-90.76818611,9,Pedalcyclist,0,The First Harmful Event was Not a Collision with a Motor Vehicle in Transport,0,No,1,Non-Junction,1,Not an Intersection,1,On Roadway,0,None,2,Dark - Not Lighted,1,Clear,0,No,0000000,Not Applicable,5,5:00am-5:59am,35,35,5,5:00am-5:59am,41,41,88,Not Applicable (Not Transported),88,Not Applicable (Not Transported),1
22,Louisiana,220280,0,0,2,2,0,2,2,15,BOSSIER (15),0,NOT APPLICABLE,5,May,10,10,3,Tuesday,2022,9,9:00am-9:59am,10,10,US-80,OAK HAVEN DRIVE,2,US Highway,2,Urban,4,Minor Arterial,1,State Highway Agency,0,This section IS NOT on the NHS,0,No Special Jurisdiction,297,297,32.55590556,32.55590556,-93.59882222,-93.59882222,12,Motor Vehicle In-Transport,6,Angle,0,No,2,Intersection,3,T-Intersection,1,On Roadway,0,None,1,Daylight,1,Clear,0,No,0000000,Not Applicable,8,8:00am-8:59am,58,58,9,9:00am-9:59am,19,19,9,9:00am-9:59am,44,44,1
22,Louisiana,220281,1,1,1,1,0,2,2,105,TANGIPAHOA (105),0,NOT APPLICABLE,5,May,12,12,5,Thursday,2022,21,9:00pm-9:59pm,15,15,SR-1064,NA,3,State Highway,2,Urban,5,Major Collector,1,State Highway Agency,0,This section IS NOT on the NHS,0,No Special Jurisdiction,22,22,30.54438889,30.54438889,-90.546,-90.546,9,Pedalcyclist,0,The First Harmful Event was Not a Collision with a Motor Vehicle in Transport,0,No,1,Non-Junction,1,Not an Intersection,1,On Roadway,0,None,2,Dark - Not Lighted,1,Clear,0,No,0000000,Not Applicable,21,9:00pm-9:59pm,20,20,21,9:00pm-9:59pm,25,25,88,Not Applicable (Not Transported),88,Not Applicable (Not Transported),1
22,Louisiana,220282,0,0,2,2,0,2,2,15,BOSSIER (15),230,BOSSIER CITY,5,May,13,13,6,Friday,2022,17,5:00pm-5:59pm,30,30,ARTHUR RAY TEAGUE PARKWAY,NA,6,Local Street - Municipality,2,Urban,7,Local,4,City or Municipal Highway Agency,0,This section IS NOT on the NHS,0,No Special Jurisdiction,0,None,32.47061389,32.47061389,-93.67801111,-93.67801111,35,Embankment,0,The First Harmful Event was Not a Collision with a Motor Vehicle in Transport,0,No,1,Non-Junction,1,Not an Intersection,3,On Median,0,None,1,Daylight,1,Clear,0,No,0000000,Not Applicable,17,5:00pm-5:59pm,30,30,17,5:00pm-5:59pm,34,34,88,Not Applicable (Not Transported),88,Not Applicable (Not Transported),1
22,Louisiana,220283,0,0,2,2,0,2,2,113,VERMILION (113),0,NOT APPLICABLE,5,May,14,14,7,Saturday,2022,13,1:00pm-1:59pm,18,18,US-167,NA,2,US Highway,1,Rural,3,Principal Arterial - Other,1,State Highway Agency,1,This section IS ON the NHS,0,No Special Jurisdiction,37,37,30.02338611,30.02338611,-92.12350278,-92.12350278,12,Motor Vehicle In-Transport,1,Front-to-Rear,0,No,1,Non-Junction,1,Not an Intersection,1,On Roadway,0,None,1,Daylight,1,Clear,0,No,0000000,Not Applicable,13,1:00pm-1:59pm,22,22,13,1:00pm-1:59pm,28,28,14,2:00pm-2:59pm,13,13,1
22,Louisiana,220284,0,0,2,2,0,3,3,51,JEFFERSON (51),0,NOT APPLICABLE,5,May,15,15,1,Sunday,2022,18,6:00pm-6:59pm,45,45,US-90,WEST NINE MILE POINT,2,US Highway,2,Urban,3,Principal Arterial - Other,1,State Highway Agency,1,This section IS ON the NHS,0,No Special Jurisdiction,2482,2482,29.91915,29.91915,-90.16963889,-90.16963889,12,Motor Vehicle In-Transport,6,Angle,0,No,2,Intersection,2,Four-Way Intersection,1,On Roadway,0,None,1,Daylight,1,Clear,0,No,0000000,Not Applicable,18,6:00pm-6:59pm,59,59,19,7:00pm-7:59pm,2,2,19,7:00pm-7:59pm,26,26,1
22,Louisiana,220285,0,0,2,2,0,2,2,57,LAFOURCHE (57),1320,LOCKPORT,5,May,16,16,2,Monday,2022,20,8:00pm-8:59pm,0,0,SR-308,NA,3,State Highway,2,Urban,4,Minor Arterial,1,State Highway Agency,0,This section IS NOT on the NHS,0,No Special Jurisdiction,566,566,29.6395,29.6395,-90.5153,-90.5153,12,Motor Vehicle In-Transport,6,Angle,0,No,1,Non-Junction,1,Not an Intersection,1,On Roadway,0,None,5,Dusk,1,Clear,0,No,0000000,Not Applicable,20,8:00pm-8:59pm,52,52,20,8:00pm-8:59pm,9,9,21,9:00pm-9:59pm,11,11,1
22,Louisiana,220286,0,0,2,2,0,2,2,95,ST. JOHN THE BAPTIST (95),0,NOT APPLICABLE,6,June,14,14,3,Tuesday,2022,5,5:00am-5:59am,59,59,US-61,NA,2,US Highway,2,Urban,3,Principal Arterial - Other,1,State Highway Agency,1,This section IS ON the NHS,0,No Special Jurisdiction,300,300,30.07746667,30.07746667,-90.54363333,-90.54363333,12,Motor Vehicle In-Transport,6,Angle,0,No,1,Non-Junction,1,Not an Intersection,1,On Roadway,0,None,1,Daylight,1,Clear,0,No,0000000,Not Applicable,6,6:00am-6:59am,3,3,6,6:00am-6:59am,9,9,7,7:00am-7:59am,10,10,1
22,Louisiana,220287,0,0,2,2,0,3,3,57,LAFOURCHE (57),0,NOT APPLICABLE,6,June,26,26,1,Sunday,2022,5,5:00am-5:59am,7,7,SR-308,NA,3,State Highway,2,Urban,4,Minor Arterial,1,State Highway Agency,0,This section IS NOT on the NHS,0,No Special Jurisdiction,576,576,29.63363056,29.63363056,-90.50836944,-90.50836944,12,Motor Vehicle In-Transport,2,Front-to-Front,0,No,1,Non-Junction,1,Not an Intersection,1,On Roadway,0,None,3,Dark - Lighted,1,Clear,0,No,0000000,Not Applicable,5,5:00am-5:59am,7,7,5,5:00am-5:59am,16,16,88,Not Applicable (Not Transported),88,Not Applicable (Not Transported),3
22,Louisiana,220288,1,1,1,1,0,1,1,109,TERREBONNE (109),9997,Other,5,May,17,17,3,Tuesday,2022,15,3:00pm-3:59pm,22,22,SR-660,BAYOU GARDENS BLVD,3,State Highway,2,Urban,4,Minor Arterial,1,State Highway Agency,0,This section IS NOT on the NHS,0,No Special Jurisdiction,27,27,29.65007222,29.65007222,-90.72678056,-90.72678056,9,Pedalcyclist,0,The First Harmful Event was Not a Collision with a Motor Vehicle in Transport,0,No,2,Intersection,2,Four-Way Intersection,1,On Roadway,0,None,1,Daylight,2,Rain,0,No,0000000,Not Applicable,15,3:00pm-3:59pm,21,21,15,3:00pm-3:59pm,31,31,15,3:00pm-3:59pm,52,52,1
22,Louisiana,220289,0,0,2,2,0,2,2,33,EAST BATON ROUGE (33),0,NOT APPLICABLE,5,May,21,21,7,Saturday,2022,9,9:00am-9:59am,52,52,CR-JONES CREEK ROAD,SHENANDOAH VIEW COURT,4,County Road,1,Rural,7,Local,2,County Highway Agency,0,This section IS NOT on the NHS,0,No Special Jurisdiction,0,None,30.39401389,30.39401389,-91.01813611,-91.01813611,12,Motor Vehicle In-Transport,6,Angle,0,No,2,Intersection,3,T-Intersection,1,On Roadway,0,None,1,Daylight,1,Clear,0,No,0000000,Not Applicable,9,9:00am-9:59am,51,51,10,10:00am-10:59am,9,9,10,10:00am-10:59am,36,36,1
22,Louisiana,220290,0,0,2,2,0,2,2,1,ACADIA (1),0,NOT APPLICABLE,5,May,21,21,7,Saturday,2022,16,4:00pm-4:59pm,20,20,SR-13,NA,3,State Highway,1,Rural,4,Minor Arterial,1,State Highway Agency,0,This section IS NOT on the NHS,0,No Special Jurisdiction,241,241,30.31006111,30.31006111,-92.39678889,-92.39678889,12,Motor Vehicle In-Transport,6,Angle,0,No,1,Non-Junction,1,Not an Intersection,1,On Roadway,0,None,1,Daylight,1,Clear,0,No,0000000,Not Applicable,16,4:00pm-4:59pm,26,26,16,4:00pm-4:59pm,35,35,17,5:00pm-5:59pm,40,40,1
22,Louisiana,220291,1,1,1,1,0,1,1,79,RAPIDES (79),40,ALEXANDRIA,5,May,23,23,2,Monday,2022,22,10:00pm-10:59pm,7,7,US-71,NA,2,US Highway,2,Urban,3,Principal Arterial - Other,1,State Highway Agency,1,This section IS ON the NHS,0,No Special Jurisdiction,679,679,31.28961111,31.28961111,-92.47615,-92.47615,9,Pedalcyclist,0,The First Harmful Event was Not a Collision with a Motor Vehicle in Transport,0,No,1,Non-Junction,1,Not an Intersection,1,On Roadway,0,None,3,Dark - Lighted,1,Clear,0,No,0000000,Not Applicable,22,10:00pm-10:59pm,6,6,22,10:00pm-10:59pm,11,11,88,Not Applicable (Not Transported),88,Not Applicable (Not Transported),1
22,Louisiana,220292,0,0,2,2,0,2,2,103,ST. TAMMANY (103),2180,SLIDELL,5,May,24,24,3,Tuesday,2022,7,7:00am-7:59am,53,53,US-190B,NA,2,US Highway,2,Urban,4,Minor Arterial,1,State Highway Agency,0,This section IS NOT on the NHS,0,No Special Jurisdiction,25,25,30.26774167,30.26774167,-89.74282778,-89.74282778,12,Motor Vehicle In-Transport,1,Front-to-Rear,0,No,1,Non-Junction,1,Not an Intersection,1,On Roadway,0,None,1,Daylight,10,Cloudy,0,No,0000000,Not Applicable,7,7:00am-7:59am,56,56,8,8:00am-8:59am,3,3,8,8:00am-8:59am,23,23,1
22,Louisiana,220293,0,0,2,2,0,2,2,71,ORLEANS (71),1690,NEW ORLEANS,5,May,25,25,4,Wednesday,2022,2,2:00am-2:59am,47,47,US-90,READ BLVD,2,US Highway,2,Urban,3,Principal Arterial - Other,1,State Highway Agency,1,This section IS ON the NHS,0,No Special Jurisdiction,2681,2681,30.01858889,30.01858889,-89.96812778,-89.96812778,12,Motor Vehicle In-Transport,6,Angle,0,No,2,Intersection,2,Four-Way Intersection,1,On Roadway,0,None,3,Dark - Lighted,1,Clear,0,No,0000000,Not Applicable,2,2:00am-2:59am,52,52,2,2:00am-2:59am,59,59,88,Not Applicable (Not Transported),88,Not Applicable (Not Transported),1
22,Louisiana,220294,0,0,3,3,0,3,3,55,LAFAYETTE (55),1230,LAFAYETTE,5,May,26,26,5,Thursday,2022,21,9:00pm-9:59pm,42,42,SR-3184,WEST WILLOW STREET,3,State Highway,2,Urban,3,Principal Arterial - Other,1,State Highway Agency,1,This section IS ON the NHS,0,No Special Jurisdiction,17,17,30.24328056,30.24328056,-92.06631944,-92.06631944,12,Motor Vehicle In-Transport,6,Angle,0,No,2,Intersection,2,Four-Way Intersection,1,On Roadway,0,None,3,Dark - Lighted,1,Clear,0,No,0000000,Not Applicable,21,9:00pm-9:59pm,42,42,22,10:00pm-10:59pm,1,1,22,10:00pm-10:59pm,41,41,1
22,Louisiana,220295,0,0,3,2,1,2,2,73,OUACHITA (73),0,NOT APPLICABLE,5,May,26,26,5,Thursday,2022,16,4:00pm-4:59pm,0,0,SR-617,NA,3,State Highway,2,Urban,3,Principal Arterial - Other,1,State Highway Agency,1,This section IS ON the NHS,0,No Special Jurisdiction,7,7,32.49763889,32.49763889,-92.15740556,-92.15740556,12,Motor Vehicle In-Transport,6,Angle,0,No,8,Driveway Access Related,1,Not an Intersection,1,On Roadway,0,None,1,Daylight,1,Clear,0,No,0000000,Not Applicable,16,4:00pm-4:59pm,13,13,16,4:00pm-4:59pm,19,19,88,Not Applicable (Not Transported),88,Not Applicable (Not Transported),1
22,Louisiana,220296,1,1,1,1,0,1,1,43,GRANT (43),0,NOT APPLICABLE,3,March,22,22,3,Tuesday,2022,21,9:00pm-9:59pm,32,32,US-71,NA,2,US Highway,1,Rural,4,Minor Arterial,1,State Highway Agency,0,This section IS NOT on the NHS,0,No Special Jurisdiction,969,969,31.55128889,31.55128889,-92.713030560000007,-92.713030560000007,8,Pedestrian,0,The First Harmful Event was Not a Collision with a Motor Vehicle in Transport,0,No,1,Non-Junction,1,Not an Intersection,1,On Roadway,0,None,2,Dark - Not Lighted,1,Clear,0,No,0000000,Not Applicable,21,9:00pm-9:59pm,49,49,21,9:00pm-9:59pm,55,55,88,Not Applicable (Not Transported),88,Not Applicable (Not Transported),1
22,Louisiana,220297,0,0,1,1,0,1,1,121,WEST BATON ROUGE (121),0,NOT APPLICABLE,5,May,14,14,7,Saturday,2022,2,2:00am-2:59am,30,30,SR-988,NA,3,State Highway,2,Urban,5,Major Collector,1,State Highway Agency,0,This section IS NOT on the NHS,0,No Special Jurisdiction,37,37,30.33536667,30.33536667,-91.23418889,-91.23418889,1,Rollover/Overturn,0,The First Harmful Event was Not a Collision with a Motor Vehicle in Transport,0,No,1,Non-Junction,1,Not an Intersection,4,On Roadside,0,None,2,Dark - Not Lighted,1,Clear,0,No,0000000,Not Applicable,2,2:00am-2:59am,39,39,2,2:00am-2:59am,54,54,88,Not Applicable (Not Transported),88,Not Applicable (Not Transported),1
22,Louisiana,220298,0,0,1,1,0,2,2,13,BIENVILLE (13),0,NOT APPLICABLE,5,May,13,13,6,Friday,2022,10,10:00am-10:59am,27,27,US-371,NA,2,US Highway,1,Rural,4,Minor Arterial,1,State Highway Agency,0,This section IS NOT on the NHS,0,No Special Jurisdiction,312,312,32.34421667,32.34421667,-93.28008889,-93.28008889,59,Traffic Sign Support,0,The First Harmful Event was Not a Collision with a Motor Vehicle in Transport,0,No,1,Non-Junction,1,Not an Intersection,4,On Roadside,0,None,1,Daylight,1,Clear,0,No,0000000,Not Applicable,10,10:00am-10:59am,32,32,10,10:00am-10:59am,35,35,11,11:00am-11:59am,27,27,1
22,Louisiana,220299,0,0,1,1,0,1,1,57,LAFOURCHE (57),0,NOT APPLICABLE,6,June,22,22,4,Wednesday,2022,6,6:00am-6:59am,40,40,SR-308,NA,3,State Highway,2,Urban,4,Minor Arterial,1,State Highway Agency,0,This section IS NOT on the NHS,0,No Special Jurisdiction,632,632,29.59153056,29.59153056,-90.44908889,-90.44908889,34,Ditch,0,The First Harmful Event was Not a Collision with a Motor Vehicle in Transport,0,No,1,Non-Junction,1,Not an Intersection,4,On Roadside,0,None,1,Daylight,1,Clear,0,No,0000000,Not Applicable,6,6:00am-6:59am,41,41,6,6:00am-6:59am,55,55,7,7:00am-7:59am,35,35,1
22,Louisiana,220300,0,0,1,1,0,2,2,117,WASHINGTON (117),0,NOT APPLICABLE,6,June,3,3,6,Friday,2022,16,4:00pm-4:59pm,22,22,SR-1072,NA,3,State Highway,1,Rural,6,Minor Collector,1,State Highway Agency,0,This section IS NOT on the NHS,0,No Special Jurisdiction,40,40,30.79783056,30.79783056,-90.09211944,-90.09211944,34,Ditch,0,The First Harmful Event was Not a Collision with a Motor Vehicle in Transport,0,No,1,Non-Junction,1,Not an Intersection,4,On Roadside,0,None,1,Daylight,1,Clear,0,No,0000000,Not Applicable,16,4:00pm-4:59pm,26,26,16,4:00pm-4:59pm,37,37,17,5:00pm-5:59pm,20,20,1
22,Louisiana,220301,0,0,1,1,0,2,2,81,RED RIVER (81),500,COUSHATTA,7,July,2,2,7,Saturday,2022,19,7:00pm-7:59pm,45,45,CR-CLEAR SPRINGS CHURCH ROAD,NA,4,County Road,1,Rural,7,Local,2,County Highway Agency,0,This section IS NOT on the NHS,0,No Special Jurisdiction,0,None,32.08881389,32.08881389,-93.24073889,-93.24073889,38,Fence,0,The First Harmful Event was Not a Collision with a Motor Vehicle in Transport,0,No,1,Non-Junction,1,Not an Intersection,4,On Roadside,0,None,5,Dusk,1,Clear,0,No,0000000,Not Applicable,20,8:00pm-8:59pm,0,0,99,Unknown EMS Scene Arrival Hour,99,Unknown EMS Scene Arrival Minutes,20,8:00pm-8:59pm,47,47,1
22,Louisiana,220302,0,0,1,1,0,1,1,31,DE SOTO (31),0,NOT APPLICABLE,7,July,10,10,1,Sunday,2022,22,10:00pm-10:59pm,27,27,CR-BATES ROAD,SR-5,4,County Road,1,Rural,7,Local,2,County Highway Agency,0,This section IS NOT on the NHS,0,No Special Jurisdiction,0,None,32.1837,32.1837,-93.72541389,-93.72541389,1,Rollover/Overturn,0,The First Harmful Event was Not a Collision with a Motor Vehicle in Transport,0,No,3,Intersection-Related,2,Four-Way Intersection,4,On Roadside,0,None,2,Dark - Not Lighted,1,Clear,0,No,0000000,Not Applicable,22,10:00pm-10:59pm,28,28,22,10:00pm-10:59pm,45,45,23,11:00pm-11:59pm,5,5,1
22,Louisiana,220303,0,0,1,1,0,2,2,57,LAFOURCHE (57),0,NOT APPLICABLE,7,July,11,11,2,Monday,2022,0,0:00am-0:59am,15,15,SR-1,NA,3,State Highway,1,Rural,4,Minor Arterial,1,State Highway Agency,0,This section IS NOT on the NHS,0,No Special Jurisdiction,449,449,29.53265,29.53265,-90.33686111,-90.33686111,43,Other Fixed Object,0,The First Harmful Event was Not a Collision with a Motor Vehicle in Transport,0,No,1,Non-Junction,1,Not an Intersection,4,On Roadside,0,None,3,Dark - Lighted,1,Clear,0,No,0000000,Not Applicable,0,0:00am-0:59am,20,20,0,0:00am-0:59am,33,33,88,Not Applicable (Not Transported),88,Not Applicable (Not Transported),1
22,Louisiana,220304,0,0,1,1,0,1,1,59,LA SALLE (59),0,NOT APPLICABLE,7,July,20,20,4,Wednesday,2022,15,3:00pm-3:59pm,25,25,SR-127,NA,3,State Highway,1,Rural,5,Major Collector,1,State Highway Agency,0,This section IS NOT on the NHS,0,No Special Jurisdiction,139,139,31.63172222,31.63172222,-92.14380278,-92.14380278,34,Ditch,0,The First Harmful Event was Not a Collision with a Motor Vehicle in Transport,0,No,1,Non-Junction,1,Not an Intersection,4,On Roadside,0,None,1,Daylight,1,Clear,0,No,0000000,Not Applicable,15,3:00pm-3:59pm,13,13,15,3:00pm-3:59pm,18,18,15,3:00pm-3:59pm,42,42,1
22,Louisiana,220305,0,0,1,1,0,1,1,73,OUACHITA (73),0,NOT APPLICABLE,8,August,1,1,2,Monday,2022,8,8:00am-8:59am,11,11,SR-34,NA,3,State Highway,1,Rural,4,Minor Arterial,1,State Highway Agency,0,This section IS NOT on the NHS,0,No Special Jurisdiction,788,788,32.41910278,32.41910278,-92.18636667,-92.18636667,53,Mail Box,0,The First Harmful Event was Not a Collision with a Motor Vehicle in Transport,0,No,1,Non-Junction,1,Not an Intersection,4,On Roadside,0,None,1,Daylight,1,Clear,0,No,0000000,Not Applicable,8,8:00am-8:59am,14,14,8,8:00am-8:59am,25,25,88,Not Applicable (Not Transported),88,Not Applicable (Not Transported),1
22,Louisiana,220306,0,0,3,1,2,1,1,57,LAFOURCHE (57),0,NOT APPLICABLE,5,May,28,28,7,Saturday,2022,2,2:00am-2:59am,22,22,SR-182,NA,3,State Highway,2,Urban,4,Minor Arterial,1,State Highway Agency,0,This section IS NOT on the NHS,0,No Special Jurisdiction,46,46,29.72443889,29.72443889,-90.61081111,-90.61081111,14,Parked Motor Vehicle,0,The First Harmful Event was Not a Collision with a Motor Vehicle in Transport,0,No,1,Non-Junction,1,Not an Intersection,5,Outside Trafficway,0,None,3,Dark - Lighted,1,Clear,0,No,0000000,Not Applicable,2,2:00am-2:59am,29,29,2,2:00am-2:59am,33,33,88,Not Applicable (Not Transported),88,Not Applicable (Not Transported),1
22,Louisiana,220307,0,0,2,2,0,7,7,89,ST. CHARLES (89),0,NOT APPLICABLE,5,May,28,28,7,Saturday,2022,9,9:00am-9:59am,13,13,I-310 NORTH,NA,1,Interstate,2,Urban,1,Interstate,1,State Highway Agency,1,This section IS ON the NHS,0,No Special Jurisdiction,33,33,29.97116111,29.97116111,-90.32423056,-90.32423056,12,Motor Vehicle In-Transport,1,Front-to-Rear,1,Yes,20,Entrance/Exit Ramp,1,Not an Intersection,1,On Roadway,0,None,1,Daylight,1,Clear,0,No,0000000,Not Applicable,9,9:00am-9:59am,17,17,9,9:00am-9:59am,24,24,10,10:00am-10:59am,19,19,1
22,Louisiana,220308,0,0,2,2,0,2,2,109,TERREBONNE (109),1070,HOUMA,5,May,31,31,3,Tuesday,2022,17,5:00pm-5:59pm,55,55,SR-24,SQUARE WOLF LANE,3,State Highway,2,Urban,3,Principal Arterial - Other,1,State Highway Agency,1,This section IS ON the NHS,0,No Special Jurisdiction,110,110,29.6005,29.6005,-90.73472222,-90.73472222,12,Motor Vehicle In-Transport,6,Angle,0,No,3,Intersection-Related,3,T-Intersection,1,On Roadway,0,None,1,Daylight,10,Cloudy,0,No,0000000,Not Applicable,17,5:00pm-5:59pm,58,58,18,6:00pm-6:59pm,9,9,18,6:00pm-6:59pm,49,49,1
22,Louisiana,220309,0,0,2,2,0,2,2,1,ACADIA (1),0,NOT APPLICABLE,6,June,3,3,6,Friday,2022,0,0:00am-0:59am,40,40,I-10,NA,1,Interstate,1,Rural,1,Interstate,1,State Highway Agency,1,This section IS ON the NHS,0,No Special Jurisdiction,750,750,30.2308,30.2308,-92.48951667,-92.48951667,24,Guardrail Face,0,The First Harmful Event was Not a Collision with a Motor Vehicle in Transport,0,No,1,Non-Junction,1,Not an Intersection,3,On Median,0,None,2,Dark - Not Lighted,1,Clear,0,No,0000000,Not Applicable,0,0:00am-0:59am,48,48,1,1:00am-1:59am,4,4,88,Not Applicable (Not Transported),88,Not Applicable (Not Transported),1
22,Louisiana,220310,0,0,2,2,0,4,4,15,BOSSIER (15),230,BOSSIER CITY,6,June,5,5,1,Sunday,2022,0,0:00am-0:59am,15,15,I-20,NA,1,Interstate,2,Urban,1,Interstate,1,State Highway Agency,1,This section IS ON the NHS,0,No Special Jurisdiction,276,276,32.54189167,32.54189167,-93.60943056,-93.60943056,12,Motor Vehicle In-Transport,2,Front-to-Front,0,No,1,Non-Junction,1,Not an Intersection,1,On Roadway,0,None,2,Dark - Not Lighted,1,Clear,0,No,0000000,Not Applicable,0,0:00am-0:59am,19,19,0,0:00am-0:59am,30,30,1,1:00am-1:59am,14,14,1
22,Louisiana,220311,1,1,1,1,0,1,1,71,ORLEANS (71),1690,NEW ORLEANS,6,June,5,5,1,Sunday,2022,2,2:00am-2:59am,20,20,I-10 SERVICE ROAD NORTH,NA,7,Local Street - Frontage Road,2,Urban,1,Interstate,1,State Highway Agency,1,This section IS ON the NHS,0,No Special Jurisdiction,2429,2429,30.027675,30.027675,-90.00380833,-90.00380833,9,Pedalcyclist,0,The First Harmful Event was Not a Collision with a Motor Vehicle in Transport,0,No,1,Non-Junction,1,Not an Intersection,1,On Roadway,0,None,3,Dark - Lighted,1,Clear,0,No,0000000,Not Applicable,2,2:00am-2:59am,25,25,2,2:00am-2:59am,37,37,88,Not Applicable (Not Transported),88,Not Applicable (Not Transported),1
22,Louisiana,220312,0,0,2,2,0,3,3,97,ST. LANDRY (97),0,NOT APPLICABLE,6,June,11,11,7,Saturday,2022,4,4:00am-4:59am,31,31,SR-35,MANDY ROAD,3,State Highway,1,Rural,4,Minor Arterial,1,State Highway Agency,0,This section IS NOT on the NHS,0,No Special Jurisdiction,499,499,30.48985556,30.48985556,-92.18194722,-92.18194722,12,Motor Vehicle In-Transport,6,Angle,0,No,2,Intersection,3,T-Intersection,1,On Roadway,0,None,2,Dark - Not Lighted,1,Clear,0,No,0000000,Not Applicable,4,4:00am-4:59am,39,39,5,5:00am-5:59am,0,0,88,Not Applicable (Not Transported),88,Not Applicable (Not Transported),1
22,Louisiana,220313,0,0,2,2,0,2,2,85,SABINE (85),0,NOT APPLICABLE,7,July,1,1,6,Friday,2022,4,4:00am-4:59am,3,3,SR-6,NA,3,State Highway,1,Rural,3,Principal Arterial - Other,1,State Highway Agency,1,This section IS ON the NHS,0,No Special Jurisdiction,140,140,31.53793889,31.53793889,-93.53926944,-93.53926944,12,Motor Vehicle In-Transport,2,Front-to-Front,0,No,1,Non-Junction,1,Not an Intersection,1,On Roadway,0,None,2,Dark - Not Lighted,10,Cloudy,0,No,0000000,Not Applicable,4,4:00am-4:59am,32,32,4,4:00am-4:59am,50,50,99,Unknown,99,Unknown EMS Hospital Arrival Time,1
22,Louisiana,220314,0,0,2,2,0,2,2,9,AVOYELLES (9),0,NOT APPLICABLE,7,July,9,9,7,Saturday,2022,23,11:00pm-11:59pm,15,15,SR-105,NA,3,State Highway,1,Rural,4,Minor Arterial,1,State Highway Agency,0,This section IS NOT on the NHS,0,No Special Jurisdiction,313,313,30.88148056,30.88148056,-91.81001944,-91.81001944,12,Motor Vehicle In-Transport,1,Front-to-Rear,0,No,1,Non-Junction,1,Not an Intersection,1,On Roadway,0,None,2,Dark - Not Lighted,1,Clear,0,No,0000000,Not Applicable,23,11:00pm-11:59pm,30,30,23,11:00pm-11:59pm,52,52,88,Not Applicable (Not Transported),88,Not Applicable (Not Transported),1
22,Louisiana,220315,0,0,2,2,0,2,2,89,ST. CHARLES (89),0,NOT APPLICABLE,7,July,15,15,6,Friday,2022,2,2:00am-2:59am,38,38,I-10,NA,1,Interstate,2,Urban,1,Interstate,1,State Highway Agency,1,This section IS ON the NHS,0,No Special Jurisdiction,2169,2169,30.03716111,30.03716111,-90.34413056,-90.34413056,12,Motor Vehicle In-Transport,1,Front-to-Rear,0,No,1,Non-Junction,1,Not an Intersection,1,On Roadway,0,None,2,Dark - Not Lighted,1,Clear,0,No,0000000,Not Applicable,99,Unknown,98,Unknown if Notified,99,Unknown EMS Scene Arrival Hour,98,Unknown if Arrived,88,Not Applicable (Not Transported),88,Not Applicable (Not Transported),1
22,Louisiana,220316,1,1,1,1,0,1,1,71,ORLEANS (71),1690,NEW ORLEANS,1,January,9,9,1,Sunday,2022,2,2:00am-2:59am,54,54,BOURBON STREET,NA,6,Local Street - Municipality,2,Urban,7,Local,4,City or Municipal Highway Agency,0,This section IS NOT on the NHS,0,No Special Jurisdiction,0,None,29.95391111,29.95391111,-90.06986944,-90.06986944,8,Pedestrian,0,The First Harmful Event was Not a Collision with a Motor Vehicle in Transport,0,No,1,Non-Junction,1,Not an Intersection,1,On Roadway,0,None,3,Dark - Lighted,1,Clear,0,No,0000000,Not Applicable,2,2:00am-2:59am,54,54,3,3:00am-3:59am,0,0,3,3:00am-3:59am,15,15,1
22,Louisiana,220317,1,1,1,1,0,2,2,33,EAST BATON ROUGE (33),150,BATON ROUGE,2,February,4,4,6,Friday,2022,6,6:00am-6:59am,16,16,US-61,PRESCOTT ROAD,2,US Highway,2,Urban,3,Principal Arterial - Other,1,State Highway Agency,1,This section IS ON the NHS,0,No Special Jurisdiction,777,777,30.48837778,30.48837778,-91.12128889,-91.12128889,8,Pedestrian,0,The First Harmful Event was Not a Collision with a Motor Vehicle in Transport,0,No,3,Intersection-Related,2,Four-Way Intersection,1,On Roadway,0,None,3,Dark - Lighted,1,Clear,0,No,0000000,Not Applicable,99,Unknown,98,Unknown if Notified,99,Unknown EMS Scene Arrival Hour,98,Unknown if Arrived,88,Not Applicable (Not Transported),88,Not Applicable (Not Transported),1