STATE,STATENAME,ST_CASE,PEDS,PERNOTMVIT,VE_TOTAL,VE_FORMS,PVH_INVL,PERSONS,PERMVIT,COUNTY,COUNTYNAME,CITY,CITYNAME,MONTH,MONTHNAME,DAY,DAYNAME,DAY_WEEK,DAY_WEEKNAME,YEAR,HOUR,HOURNAME,MINUTE,MINUTENAME,TWAY_ID,TWAY_ID2,ROUTE,ROUTENAME,RUR_URB,RUR_URBNAME,FUNC_SYS,FUNC_SYSNAME,RD_OWNER,RD_OWNERNAME,NHS,NHSNAME,SP_JUR,SP_JURNAME,MILEPT,MILEPTNAME,LATITUDE,LATITUDENAME,LONGITUD,LONGITUDNAME,HARM_EV,HARM_EVNAME,MAN_COLL,MAN_COLLNAME,RELJCT1,RELJCT1NAME,RELJCT2,RELJCT2NAME,TYP_INT,TYP_INTNAME,REL_ROAD,REL_ROADNAME,WRK_ZONE,WRK_ZONENAME,LGT_COND,LGT_CONDNAME,WEATHER,WEATHERNAME,SCH_BUS,SCH_BUSNAME,RAIL,RAILNAME,NOT_HOUR,NOT_HOURNAME,NOT_MIN,NOT_MINNAME,ARR_HOUR,ARR_HOURNAME,ARR_MIN,ARR_MINNAME,HOSP_HR,HOSP_HRNAME,HOSP_MN,HOSP_MNNAME,FATALS
22,Louisiana,220554,1,1,1,1,0,2,2,115,VERNON (115),58,ANACOCO,9,September,18,18,1,Sunday,2022,2,2:00am-2:59am,30,30,CR-HOLLY GROVE POAD,NA,4,County Road,2,Urban,7,Local,2,County Highway Agency,0,This section IS NOT on the NHS,0,No Special Jurisdiction,0,None,31.22931111,31.22931111,-93.35697778,-93.35697778,8,Pedestrian,0,The First Harmful Event was Not a Collision with a Motor Vehicle in Transport,0,No,1,Non-Junction,1,Not an Intersection,1,On Roadway,0,None,2,Dark - Not Lighted,1,Clear,0,No,0000000,Not Applicable,99,Unknown,99,Unknown,99,Unknown EMS Scene Arrival Hour,99,Unknown EMS Scene Arrival Minutes,88,Not Applicable (Not Transported),88,Not Applicable (Not Transported),1
22,Louisiana,220555,0,0,2,2,0,2,2,85,SABINE (85),0,NOT APPLICABLE,9,September,19,19,2,Monday,2022,13,1:00pm-1:59pm,10,10,US-171,NA,2,US Highway,1,Rural,3,Principal Arterial - Other,1,State Highway Agency,1,This section IS ON the NHS,0,No Special Jurisdiction,1184,1184,31.70340833,31.70340833,-93.69111389,-93.69111389,12,Motor Vehicle In-Transport,6,Angle,0,No,1,Non-Junction,1,Not an Intersection,1,On Roadway,0,None,1,Daylight,1,Clear,0,No,0000000,Not Applicable,99,Unknown,99,Unknown,99,Unknown EMS Scene Arrival Hour,99,Unknown EMS Scene Arrival Minutes,88,Not Applicable (Not Transported),88,Not Applicable (Not Transported),1
22,Louisiana,220556,1,1,1,1,0,1,1,97,ST. LANDRY (97),720,EUNICE,9,September,19,19,2,Monday,2022,11,11:00am-11:59am,11,11,PARK AVE,S 4TH ST,6,Local Street - Municipality,2,Urban,7,Local,4,City or Municipal Highway Agency,0,This section IS NOT on the NHS,0,No Special Jurisdiction,0,None,30.49266111,30.49266111,-92.41867778,-92.41867778,9,Pedalcyclist,0,The First Harmful Event was Not a Collision with a Motor Vehicle in Transport,0,No,2,Intersection,3,T-Intersection,1,On Roadway,0,None,1,Daylight,1,Clear,0,No,0000000,Not Applicable,99,Unknown,99,Unknown,99,Unknown EMS Scene Arrival Hour,99,Unknown EMS Scene Arrival Minutes,99,Unknown,99,Unknown EMS Hospital Arrival Time,1
22,Louisiana,220557,0,0,1,1,0,1,1,63,LIVINGSTON (63),791,FRENCH SETTLEMENT,9,September,18,18,1,Sunday,2022,2,2:00am-2:59am,5,5,SR-16,NA,3,State Highway,1,Rural,4,Minor Arterial,1,State Highway Agency,0,This section IS NOT on the NHS,0,No Special Jurisdiction,13,13,30.280875,30.280875,-90.78424722,-90.78424722,30,Utility Pole/Light Support,0,The First Harmful Event was Not a Collision with a Motor Vehicle in Transport,0,No,1,Non-Junction,1,Not an Intersection,4,On Roadside,0,None,2,Dark - Not Lighted,1,Clear,0,No,0000000,Not Applicable,99,Unknown,99,Unknown,99,Unknown EMS Scene Arrival Hour,99,Unknown EMS Scene Arrival Minutes,88,Not Applicable (Not Transported),88,Not Applicable (Not Transported),1
22,Louisiana,220558,0,0,1,1,0,1,1,55,LAFAYETTE (55),0,NOT APPLICABLE,9,September,20,20,3,Tuesday,2022,20,8:00pm-8:59pm,5,5,CR-COLORADO RD,NA,4,County Road,1,Rural,7,Local,2,County Highway Agency,0,This section IS NOT on the NHS,0,No Special Jurisdiction,0,None,30.19318056,30.19318056,-92.11080833,-92.11080833,1,Rollover/Overturn,0,The First Harmful Event was Not a Collision with a Motor Vehicle in Transport,0,No,1,Non-Junction,1,Not an Intersection,4,On Roadside,0,None,3,Dark - Lighted,1,Clear,0,No,0000000,Not Applicable,99,Unknown,99,Unknown,99,Unknown EMS Scene Arrival Hour,99,Unknown EMS Scene Arrival Minutes,99,Unknown,99,Unknown EMS Hospital Arrival Time,1
22,Louisiana,220559,0,0,1,1,0,3,3,99,ST. MARTIN (99),0,NOT APPLICABLE,9,September,21,21,4,Wednesday,2022,0,0:00am-0:59am,32,32,I-10,NA,1,Interstate,1,Rural,1,Interstate,1,State Highway Agency,1,This section IS ON the NHS,0,No Special Jurisdiction,1137,1137,30.3102,30.3102,-91.85931389,-91.85931389,24,Guardrail Face,0,The First Harmful Event was Not a Collision with a Motor Vehicle in Transport,0,No,1,Non-Junction,1,Not an Intersection,4,On Roadside,0,None,3,Dark - Lighted,1,Clear,0,No,0000000,Not Applicable,99,Unknown,99,Unknown,99,Unknown EMS Scene Arrival Hour,99,Unknown EMS Scene Arrival Minutes,99,Unknown,99,Unknown EMS Hospital Arrival Time,1
22,Louisiana,220560,0,0,2,2,0,2,2,97,ST. LANDRY (97),0,NOT APPLICABLE,9,September,23,23,6,Friday,2022,20,8:00pm-8:59pm,21,21,I-49,NA,1,Interstate,1,Rural,1,Interstate,1,State Highway Agency,1,This section IS ON the NHS,0,No Special Jurisdiction,213,213,30.55020833,30.55020833,-92.05285,-92.05285,12,Motor Vehicle In-Transport,2,Front-to-Front,0,No,1,Non-Junction,1,Not an Intersection,1,On Roadway,0,None,2,Dark - Not Lighted,1,Clear,0,No,0000000,Not Applicable,99,Unknown,99,Unknown,99,Unknown EMS Scene Arrival Hour,99,Unknown EMS Scene Arrival Minutes,88,Not Applicable (Not Transported),88,Not Applicable (Not Transported),2
22,Louisiana,220561,1,1,1,1,0,1,1,99,ST. MARTIN (99),0,NOT APPLICABLE,9,September,24,24,7,Saturday,2022,22,10:00pm-10:59pm,15,15,SR-96,NA,3,State Highway,1,Rural,4,Minor Arterial,1,State Highway Agency,0,This section IS NOT on the NHS,0,No Special Jurisdiction,52,52,30.13304167,30.13304167,-91.86180833,-91.86180833,8,Pedestrian,0,The First Harmful Event was Not a Collision with a Motor Vehicle in Transport,0,No,1,Non-Junction,1,Not an Intersection,1,On Roadway,0,None,2,Dark - Not Lighted,1,Clear,0,No,0000000,Not Applicable,99,Unknown,99,Unknown,99,Unknown EMS Scene Arrival Hour,99,Unknown EMS Scene Arrival Minutes,88,Not Applicable (Not Transported),88,Not Applicable (Not Transported),1
22,Louisiana,220562,1,1,1,1,0,1,1,63,LIVINGSTON (63),570,DENHAM SPRINGS,9,September,24,24,7,Saturday,2022,6,6:00am-6:59am,5,5,US-90,NA,2,US Highway,2,Urban,3,Principal Arterial - Other,1,State Highway Agency,1,This section IS ON the NHS,0,No Special Jurisdiction,1898,1898,30.46838333,30.46838333,-90.96725833,-90.96725833,8,Pedestrian,0,The First Harmful Event was Not a Collision with a Motor Vehicle in Transport,0,No,1,Non-Junction,1,Not an Intersection,1,On Roadway,0,None,2,Dark - Not Lighted,1,Clear,0,No,0000000,Not Applicable,99,Unknown,99,Unknown,99,Unknown EMS Scene Arrival Hour,99,Unknown EMS Scene Arrival Minutes,88,Not Applicable (Not Transported),88,Not Applicable (Not Transported),1
22,Louisiana,220563,0,0,2,2,0,6,6,85,SABINE (85),0,NOT APPLICABLE,9,September,24,24,7,Saturday,2022,18,6:00pm-6:59pm,15,15,SR-6,NA,3,State Highway,1,Rural,3,Principal Arterial - Other,1,State Highway Agency,1,This section IS ON the NHS,0,No Special Jurisdiction,157,157,31.54725,31.54725,-93.513625,-93.513625,12,Motor Vehicle In-Transport,2,Front-to-Front,0,No,1,Non-Junction,1,Not an Intersection,2,On Shoulder,0,None,1,Daylight,1,Clear,0,No,0000000,Not Applicable,99,Unknown,99,Unknown,99,Unknown EMS Scene Arrival Hour,99,Unknown EMS Scene Arrival Minutes,99,Unknown,99,Unknown EMS Hospital Arrival Time,1
22,Louisiana,220565,0,0,1,1,0,2,2,69,NATCHITOCHES (69),1650,NATCHITOCHES,9,September,24,24,7,Saturday,2022,6,6:00am-6:59am,10,10,SR-6,NA,3,State Highway,2,Urban,3,Principal Arterial - Other,1,State Highway Agency,1,This section IS ON the NHS,0,No Special Jurisdiction,446,446,31.747675,31.747675,-93.11769444,-93.11769444,53,Mail Box,0,The First Harmful Event was Not a Collision with a Motor Vehicle in Transport,0,No,1,Non-Junction,1,Not an Intersection,4,On Roadside,0,None,2,Dark - Not Lighted,1,Clear,0,No,0000000,Not Applicable,99,Unknown,99,Unknown,99,Unknown EMS Scene Arrival Hour,99,Unknown EMS Scene Arrival Minutes,99,Unknown,99,Unknown EMS Hospital Arrival Time,1
22,Louisiana,220566,0,0,1,1,0,1,1,85,SABINE (85),0,NOT APPLICABLE,9,September,25,25,1,Sunday,2022,14,2:00pm-2:59pm,36,36,SR-175,NA,3,State Highway,1,Rural,5,Major Collector,1,State Highway Agency,0,This section IS NOT on the NHS,0,No Special Jurisdiction,125,125,31.74367778,31.74367778,-93.50936389,-93.50936389,23,Bridge Rail (Includes parapet),0,The First Harmful Event was Not a Collision with a Motor Vehicle in Transport,0,No,1,Non-Junction,1,Not an Intersection,4,On Roadside,0,None,1,Daylight,10,Cloudy,0,No,0000000,Not Applicable,99,Unknown,99,Unknown,99,Unknown EMS Scene Arrival Hour,99,Unknown EMS Scene Arrival Minutes,99,Unknown,99,Unknown EMS Hospital Arrival Time,1
22,Louisiana,220567,1,1,2,2,0,2,2,51,JEFFERSON (51),1190,KENNER,9,September,28,28,4,Wednesday,2022,6,6:00am-6:59am,10,10,SR-49,NA,3,State Highway,2,Urban,3,Principal Arterial - Other,1,State Highway Agency,1,This section IS ON the NHS,0,No Special Jurisdiction,18,18,30.00682778,30.00682778,-90.24038056,-90.24038056,8,Pedestrian,0,The First Harmful Event was Not a Collision with a Motor Vehicle in Transport,0,No,1,Non-Junction,1,Not an Intersection,1,On Roadway,0,None,1,Daylight,1,Clear,0,No,0000000,Not Applicable,99,Unknown,99,Unknown,99,Unknown EMS Scene Arrival Hour,99,Unknown EMS Scene Arrival Minutes,88,Not Applicable (Not Transported),88,Not Applicable (Not Transported),1
22,Louisiana,220568,1,1,1,1,0,1,1,71,ORLEANS (71),1690,NEW ORLEANS,10,October,2,2,1,Sunday,2022,19,7:00pm-7:59pm,25,25,PARIS AVE,DUELS ST,6,Local Street - Municipality,2,Urban,7,Local,4,City or Municipal Highway Agency,0,This section IS NOT on the NHS,0,No Special Jurisdiction,0,None,29.98491944,29.98491944,-90.07252222,-90.07252222,8,Pedestrian,0,The First Harmful Event was Not a Collision with a Motor Vehicle in Transport,0,No,2,Intersection,2,Four-Way Intersection,1,On Roadway,0,None,3,Dark - Lighted,1,Clear,0,No,0000000,Not Applicable,99,Unknown,99,Unknown,99,Unknown EMS Scene Arrival Hour,99,Unknown EMS Scene Arrival Minutes,88,Not Applicable (Not Transported),88,Not Applicable (Not Transported),1
22,Louisiana,220569,0,0,1,1,0,1,1,53,JEFFERSON DAVIS (53),0,NOT APPLICABLE,10,October,2,2,1,Sunday,2022,22,10:00pm-10:59pm,47,47,US-165,NA,2,US Highway,1,Rural,3,Principal Arterial - Other,1,State Highway Agency,1,This section IS ON the NHS,0,No Special Jurisdiction,99999,Unknown,30.25113056,30.25113056,-92.98165833,-92.98165833,59,Traffic Sign Support,0,The First Harmful Event was Not a Collision with a Motor Vehicle in Transport,1,Yes,19,Other location within Interchange Area,1,Not an Intersection,8,Gore,4,"Work Zone, Type Unknown",2,Dark - Not Lighted,1,Clear,0,No,0000000,Not Applicable,99,Unknown,99,Unknown,99,Unknown EMS Scene Arrival Hour,99,Unknown EMS Scene Arrival Minutes,88,Not Applicable (Not Transported),88,Not Applicable (Not Transported),1
22,Louisiana,220570,2,2,1,1,0,1,1,51,JEFFERSON (51),0,NOT APPLICABLE,10,October,2,2,1,Sunday,2022,23,11:00pm-11:59pm,38,38,CR-MANHATTAN BLVD,APACHE DRIVE,4,County Road,1,Rural,7,Local,2,County Highway Agency,0,This section IS NOT on the NHS,0,No Special Jurisdiction,0,None,29.90028611,29.90028611,-90.06413611,-90.06413611,8,Pedestrian,0,The First Harmful Event was Not a Collision with a Motor Vehicle in Transport,0,No,2,Intersection,2,Four-Way Intersection,1,On Roadway,0,None,3,Dark - Lighted,1,Clear,0,No,0000000,Not Applicable,99,Unknown,99,Unknown,99,Unknown EMS Scene Arrival Hour,99,Unknown EMS Scene Arrival Minutes,99,Unknown,99,Unknown EMS Hospital Arrival Time,1
22,Louisiana,220571,1,1,1,1,0,1,1,73,OUACHITA (73),1560,MONROE,10,October,3,3,2,Monday,2022,19,7:00pm-7:59pm,38,38,US-80,NA,2,US Highway,1,Rural,3,Principal Arterial - Other,1,State Highway Agency,1,This section IS ON the NHS,0,No Special Jurisdiction,1285,1285,32.5261,32.5261,-92.04289444,-92.04289444,9,Pedalcyclist,0,The First Harmful Event was Not a Collision with a Motor Vehicle in Transport,0,No,1,Non-Junction,1,Not an Intersection,1,On Roadway,0,None,3,Dark - Lighted,1,Clear,0,No,0000000,Not Applicable,99,Unknown,99,Unknown,99,Unknown EMS Scene Arrival Hour,99,Unknown EMS Scene Arrival Minutes,99,Unknown,99,Unknown EMS Hospital Arrival Time,1
22,Louisiana,220572,0,0,2,2,0,3,3,105,TANGIPAHOA (105),0,NOT APPLICABLE,10,October,4,4,3,Tuesday,2022,13,1:00pm-1:59pm,47,47,SR-10,SR-1061,3,State Highway,1,Rural,5,Major Collector,1,State Highway Agency,0,This section IS NOT on the NHS,0,No Special Jurisdiction,2182,2182,30.81414722,30.81414722,-90.36360833,-90.36360833,12,Motor Vehicle In-Transport,6,Angle,0,No,2,Intersection,2,Four-Way Intersection,1,On Roadway,0,None,1,Daylight,1,Clear,0,No,0000000,Not Applicable,99,Unknown,99,Unknown,99,Unknown EMS Scene Arrival Hour,99,Unknown EMS Scene Arrival Minutes,99,Unknown,99,Unknown EMS Hospital Arrival Time,1
22,Louisiana,220573,0,0,2,2,0,2,2,19,CALCASIEU (19),0,NOT APPLICABLE,10,October,5,5,4,Wednesday,2022,15,3:00pm-3:59pm,6,6,SR-27,SAM DUNHAM ROAD,3,State Highway,1,Rural,4,Minor Arterial,1,State Highway Agency,0,This section IS NOT on the NHS,0,No Special Jurisdiction,893,893,30.29556389,30.29556389,-93.35635,-93.35635,12,Motor Vehicle In-Transport,6,Angle,0,No,2,Intersection,2,Four-Way Intersection,1,On Roadway,0,None,1,Daylight,1,Clear,0,No,0000000,Not Applicable,15,3:00pm-3:59pm,7,7,15,3:00pm-3:59pm,41,41,16,4:00pm-4:59pm,5,5,1
22,Louisiana,220574,1,1,1,1,0,5,5,55,LAFAYETTE (55),1230,LAFAYETTE,10,October,5,5,4,Wednesday,2022,20,8:00pm-8:59pm,20,20,W WILLOW ST,NA,6,Local Street - Municipality,2,Urban,7,Local,4,City or Municipal Highway Agency,0,This section IS NOT on the NHS,0,No Special Jurisdiction,0,None,30.24571389,30.24571389,-92.02780833,-92.02780833,8,Pedestrian,0,The First Harmful Event was Not a Collision with a Motor Vehicle in Transport,0,No,1,Non-Junction,1,Not an Intersection,1,On Roadway,0,None,3,Dark - Lighted,1,Clear,0,No,0000000,Not Applicable,99,Unknown,99,Unknown,99,Unknown EMS Scene Arrival Hour,99,Unknown EMS Scene Arrival Minutes,99,Unknown,99,Unknown EMS Hospital Arrival Time,1
22,Louisiana,220576,0,0,3,3,0,4,4,113,VERMILION (113),0,NOT APPLICABLE,10,October,6,6,5,Thursday,2022,14,2:00pm-2:59pm,18,18,SR-14,NA,3,State Highway,1,Rural,4,Minor Arterial,1,State Highway Agency,0,This section IS NOT on the NHS,0,No Special Jurisdiction,711,711,29.992325,29.992325,-92.26733889,-92.26733889,12,Motor Vehicle In-Transport,1,Front-to-Rear,0,No,1,Non-Junction,1,Not an Intersection,1,On Roadway,0,None,1,Daylight,1,Clear,0,No,0000000,Not Applicable,99,Unknown,99,Unknown,99,Unknown EMS Scene Arrival Hour,99,Unknown EMS Scene Arrival Minutes,88,Not Applicable (Not Transported),88,Not Applicable (Not Transported),1
22,Louisiana,220577,0,0,1,1,0,2,2,65,MADISON (65),0,NOT APPLICABLE,10,October,6,6,5,Thursday,2022,6,6:00am-6:59am,6,6,I-20,NA,1,Interstate,1,Rural,1,Interstate,1,State Highway Agency,1,This section IS ON the NHS,0,No Special Jurisdiction,1548,1548,32.43918611,32.43918611,-91.47140556,-91.47140556,35,Embankment,0,The First Harmful Event was Not a Collision with a Motor Vehicle in Transport,0,No,1,Non-Junction,1,Not an Intersection,4,On Roadside,0,None,2,Dark - Not Lighted,1,Clear,0,No,0000000,Not Applicable,99,Unknown,99,Unknown,99,Unknown EMS Scene Arrival Hour,99,Unknown EMS Scene Arrival Minutes,99,Unknown,99,Unknown EMS Hospital Arrival Time,1
22,Louisiana,220578,0,0,2,2,0,2,2,117,WASHINGTON (117),0,NOT APPLICABLE,10,October,8,8,7,Saturday,2022,9,9:00am-9:59am,5,5,CR-LAWRENCE CREEK ROAD,NA,4,County Road,1,Rural,7,Local,2,County Highway Agency,0,This section IS NOT on the NHS,0,No Special Jurisdiction,0,None,30.94319167,30.94319167,-90.05496111,-90.05496111,12,Motor Vehicle In-Transport,2,Front-to-Front,0,No,1,Non-Junction,1,Not an Intersection,1,On Roadway,0,None,1,Daylight,1,Clear,0,No,0000000,Not Applicable,99,Unknown,99,Unknown,99,Unknown EMS Scene Arrival Hour,99,Unknown EMS Scene Arrival Minutes,99,Unknown,99,Unknown EMS Hospital Arrival Time,1
22,Louisiana,220579,0,0,1,1,0,1,1,115,VERNON (115),0,NOT APPLICABLE,8,August,13,13,7,Saturday,2022,19,7:00pm-7:59pm,5,5,CR-WEBSTER MARICLE ROAD,NA,4,County Road,1,Rural,7,Local,2,County Highway Agency,0,This section IS NOT on the NHS,0,No Special Jurisdiction,0,None,30.93816111,30.93816111,-92.9823,-92.9823,1,Rollover/Overturn,0,The First Harmful Event was Not a Collision with a Motor Vehicle in Transport,0,No,1,Non-Junction,1,Not an Intersection,1,On Roadway,0,None,1,Daylight,10,Cloudy,0,No,0000000,Not Applicable,19,7:00pm-7:59pm,5,5,19,7:00pm-7:59pm,7,7,20,8:00pm-8:59pm,26,26,1
22,Louisiana,220580,0,0,1,1,0,3,3,103,ST. TAMMANY (103),0,NOT APPLICABLE,9,September,28,28,4,Wednesday,2022,21,9:00pm-9:59pm,30,30,I-59,NA,1,Interstate,1,Rural,1,Interstate,1,State Highway Agency,1,This section IS ON the NHS,0,No Special Jurisdiction,69,69,30.395625,30.395625,-89.72844722,-89.72844722,38,Fence,0,The First Harmful Event was Not a Collision with a Motor Vehicle in Transport,0,No,1,Non-Junction,1,Not an Intersection,4,On Roadside,0,None,2,Dark - Not Lighted,1,Clear,0,No,0000000,Not Applicable,99,Unknown,99,Unknown,99,Unknown EMS Scene Arrival Hour,99,Unknown EMS Scene Arrival Minutes,99,Unknown,99,Unknown EMS Hospital Arrival Time,1
22,Louisiana,220581,0,0,2,2,0,3,3,61,LINCOLN (61),2070,RUSTON,9,September,30,30,6,Friday,2022,7,7:00am-7:59am,37,37,SR-TARBUTTON ROAD,I-20 SOUTH SERVICE ROAD,3,State Highway,2,Urban,1,Interstate,1,State Highway Agency,1,This section IS ON the NHS,0,No Special Jurisdiction,834,834,32.53960833,32.53960833,-92.6779,-92.6779,12,Motor Vehicle In-Transport,6,Angle,1,Yes,2,Intersection,2,Four-Way Intersection,1,On Roadway,0,None,1,Daylight,1,Clear,1,Yes,0000000,Not Applicable,99,Unknown,99,Unknown,99,Unknown EMS Scene Arrival Hour,99,Unknown EMS Scene Arrival Minutes,99,Unknown,99,Unknown EMS Hospital Arrival Time,1
22,Louisiana,220582,1,1,1,1,0,1,1,15,BOSSIER (15),230,BOSSIER CITY,9,September,30,30,6,Friday,2022,17,5:00pm-5:59pm,15,15,SHED ROAD,NA,6,Local Street - Municipality,2,Urban,7,Local,4,City or Municipal Highway Agency,0,This section IS NOT on the NHS,0,No Special Jurisdiction,0,None,32.543725,32.543725,-93.67228611,-93.67228611,8,Pedestrian,0,The First Harmful Event was Not a Collision with a Motor Vehicle in Transport,0,No,8,Driveway Access Related,1,Not an Intersection,1,On Roadway,0,None,1,Daylight,1,Clear,0,No,0000000,Not Applicable,99,Unknown,99,Unknown,99,Unknown EMS Scene Arrival Hour,99,Unknown EMS Scene Arrival Minutes,99,Unknown,99,Unknown EMS Hospital Arrival Time,1
22,Louisiana,220583,1,1,3,3,0,3,3,71,ORLEANS (71),1690,NEW ORLEANS,9,September,30,30,6,Friday,2022,20,8:00pm-8:59pm,2,2,US-90,NA,2,US Highway,2,Urban,3,Principal Arterial - Other,1,State Highway Agency,1,This section IS ON the NHS,0,No Special Jurisdiction,2674,2674,30.01571667,30.01571667,-89.98006111,-89.98006111,8,Pedestrian,0,The First Harmful Event was Not a Collision with a Motor Vehicle in Transport,0,No,1,Non-Junction,1,Not an Intersection,1,On Roadway,0,None,2,Dark - Not Lighted,1,Clear,0,No,0000000,Not Applicable,99,Unknown,99,Unknown,99,Unknown EMS Scene Arrival Hour,99,Unknown EMS Scene Arrival Minutes,88,Not Applicable (Not Transported),88,Not Applicable (Not Transported),1
22,Louisiana,220584,1,1,1,1,0,5,5,109,TERREBONNE (109),0,NOT APPLICABLE,9,September,30,30,6,Friday,2022,20,8:00pm-8:59pm,42,42,SR-24,NA,3,State Highway,2,Urban,3,Principal Arterial - Other,1,State Highway Agency,1,This section IS ON the NHS,0,No Special Jurisdiction,107,107,29.60191944,29.60191944,-90.739175,-90.739175,8,Pedestrian,0,The First Harmful Event was Not a Collision with a Motor Vehicle in Transport,0,No,1,Non-Junction,1,Not an Intersection,1,On Roadway,0,None,3,Dark - Lighted,1,Clear,0,No,0000000,Not Applicable,99,Unknown,99,Unknown,99,Unknown EMS Scene Arrival Hour,99,Unknown EMS Scene Arrival Minutes,88,Not Applicable (Not Transported),88,Not Applicable (Not Transported),1
22,Louisiana,220585,0,0,2,2,0,3,3,103,ST. TAMMANY (103),0,NOT APPLICABLE,10,October,1,1,7,Saturday,2022,0,0:00am-0:59am,53,53,I-12,NA,1,Interstate,2,Urban,1,Interstate,1,State Highway Agency,1,This section IS ON the NHS,0,No Special Jurisdiction,692,692,30.38858611,30.38858611,-89.99425278,-89.99425278,12,Motor Vehicle In-Transport,1,Front-to-Rear,0,No,1,Non-Junction,1,Not an Intersection,1,On Roadway,0,None,2,Dark - Not Lighted,1,Clear,0,No,0000000,Not Applicable,99,Unknown,99,Unknown,99,Unknown EMS Scene Arrival Hour,99,Unknown EMS Scene Arrival Minutes,99,Unknown,99,Unknown EMS Hospital Arrival Time,1
22,Louisiana,220586,0,0,1,1,0,2,2,69,NATCHITOCHES (69),0,NOT APPLICABLE,10,October,1,1,7,Saturday,2022,5,5:00am-5:59am,50,50,I-49,NA,1,Interstate,1,Rural,1,Interstate,1,State Highway Agency,1,This section IS ON the NHS,0,No Special Jurisdiction,1195,1195,31.52776667,31.52776667,-92.94313889,-92.94313889,52,Guardrail End,0,The First Harmful Event was Not a Collision with a Motor Vehicle in Transport,1,Yes,19,Other location within Interchange Area,1,Not an Intersection,3,On Median,0,None,2,Dark - Not Lighted,1,Clear,0,No,0000000,Not Applicable,99,Unknown,99,Unknown,99,Unknown EMS Scene Arrival Hour,99,Unknown EMS Scene Arrival Minutes,99,Unknown,99,Unknown EMS Hospital Arrival Time,1
22,Louisiana,220587,0,0,1,1,0,1,1,71,ORLEANS (71),1690,NEW ORLEANS,10,October,1,1,7,Saturday,2022,22,10:00pm-10:59pm,26,26,ALMONASTER AVENUE,NA,6,Local Street - Municipality,2,Urban,7,Local,4,City or Municipal Highway Agency,0,This section IS NOT on the NHS,0,No Special Jurisdiction,0,None,30.00481667,30.00481667,-90.02193333,-90.02193333,23,Bridge Rail (Includes parapet),0,The First Harmful Event was Not a Collision with a Motor Vehicle in Transport,0,No,1,Non-Junction,1,Not an Intersection,4,On Roadside,0,None,2,Dark - Not Lighted,1,Clear,0,No,0000000,Not Applicable,99,Unknown,98,Unknown if Notified,99,Unknown EMS Scene Arrival Hour,98,Unknown if Arrived,88,Not Applicable (Not Transported),88,Not Applicable (Not Transported),1
22,Louisiana,220588,0,0,1,1,0,2,2,69,NATCHITOCHES (69),0,NOT APPLICABLE,10,October,2,2,1,Sunday,2022,15,3:00pm-3:59pm,20,20,CR-POSEY ROAD,NA,4,County Road,1,Rural,7,Local,2,County Highway Agency,0,This section IS NOT on the NHS,0,No Special Jurisdiction,0,None,31.74850556,31.74850556,-93.26493611,-93.26493611,1,Rollover/Overturn,0,The First Harmful Event was Not a Collision with a Motor Vehicle in Transport,0,No,1,Non-Junction,1,Not an Intersection,1,On Roadway,0,None,1,Daylight,1,Clear,0,No,0000000,Not Applicable,99,Unknown,99,Unknown,99,Unknown EMS Scene Arrival Hour,99,Unknown EMS Scene Arrival Minutes,99,Unknown,99,Unknown EMS Hospital Arrival Time,1
22,Louisiana,220589,1,1,1,1,0,7,7,45,IBERIA (45),0,NOT APPLICABLE,10,October,8,8,7,Saturday,2022,16,4:00pm-4:59pm,26,26,WESTEND DRIVE,NA,8,Other,6,Trafficway Not in State Inventory,96,Trafficway Not in State Inventory,96,Trafficway Not in State Inventory,0,This section IS NOT on the NHS,0,No Special Jurisdiction,0,None,30.01373889,30.01373889,-91.84083056,-91.84083056,8,Pedestrian,0,The First Harmful Event was Not a Collision with a Motor Vehicle in Transport,0,No,1,Non-Junction,1,Not an Intersection,1,On Roadway,0,None,1,Daylight,1,Clear,0,No,0000000,Not Applicable,99,Unknown,99,Unknown,99,Unknown EMS Scene Arrival Hour,99,Unknown EMS Scene Arrival Minutes,99,Unknown,99,Unknown EMS Hospital Arrival Time,1
22,Louisiana,220590,0,0,2,2,0,2,2,55,LAFAYETTE (55),1230,LAFAYETTE,10,October,9,9,1,Sunday,2022,10,10:00am-10:59am,44,44,CR-KALISTE SALOOM ROAD,LAKE FARM ROAD,4,County Road,2,Urban,98,Not Reported,1,State Highway Agency,0,This section IS NOT on the NHS,0,No Special Jurisdiction,0,None,30.15933333,30.15933333,-92.04552222,-92.04552222,12,Motor Vehicle In-Transport,6,Angle,0,No,2,Intersection,3,T-Intersection,1,On Roadway,0,None,1,Daylight,1,Clear,0,No,0000000,Not Applicable,99,Unknown,99,Unknown,99,Unknown EMS Scene Arrival Hour,99,Unknown EMS Scene Arrival Minutes,99,Unknown,99,Unknown EMS Hospital Arrival Time,1
22,Louisiana,220591,0,0,2,2,0,5,5,67,MOREHOUSE (67),140,BASTROP,10,October,9,9,1,Sunday,2022,18,6:00pm-6:59pm,16,16,HENRY AVENUE,MARTIN LUTHER KING STREET,6,Local Street - Municipality,2,Urban,7,Local,4,City or Municipal Highway Agency,0,This section IS NOT on the NHS,0,No Special Jurisdiction,0,None,32.76856111,32.76856111,-91.92515,-91.92515,12,Motor Vehicle In-Transport,6,Angle,0,No,3,Intersection-Related,2,Four-Way Intersection,1,On Roadway,0,None,1,Daylight,1,Clear,0,No,0000000,Not Applicable,99,Unknown,99,Unknown,99,Unknown EMS Scene Arrival Hour,99,Unknown EMS Scene Arrival Minutes,99,Unknown,99,Unknown EMS Hospital Arrival Time,1