STATE,STATENAME,ST_CASE,PEDS,PERNOTMVIT,VE_TOTAL,VE_FORMS,PVH_INVL,PERSONS,PERMVIT,COUNTY,COUNTYNAME,CITY,CITYNAME,MONTH,MONTHNAME,DAY,DAYNAME,DAY_WEEK,DAY_WEEKNAME,YEAR,HOUR,HOURNAME,MINUTE,MINUTENAME,TWAY_ID,TWAY_ID2,ROUTE,ROUTENAME,RUR_URB,RUR_URBNAME,FUNC_SYS,FUNC_SYSNAME,RD_OWNER,RD_OWNERNAME,NHS,NHSNAME,SP_JUR,SP_JURNAME,MILEPT,MILEPTNAME,LATITUDE,LATITUDENAME,LONGITUD,LONGITUDNAME,HARM_EV,HARM_EVNAME,MAN_COLL,MAN_COLLNAME,RELJCT1,RELJCT1NAME,RELJCT2,RELJCT2NAME,TYP_INT,TYP_INTNAME,REL_ROAD,REL_ROADNAME,WRK_ZONE,WRK_ZONENAME,LGT_COND,LGT_CONDNAME,WEATHER,WEATHERNAME,SCH_BUS,SCH_BUSNAME,RAIL,RAILNAME,NOT_HOUR,NOT_HOURNAME,NOT_MIN,NOT_MINNAME,ARR_HOUR,ARR_HOURNAME,ARR_MIN,ARR_MINNAME,HOSP_HR,HOSP_HRNAME,HOSP_MN,HOSP_MNNAME,FATALS
22,Louisiana,220630,0,0,2,2,0,2,2,57,LAFOURCHE (57),0,NOT APPLICABLE,10,October,20,20,5,Thursday,2022,6,6:00am-6:59am,41,41,US-90,SR-182,2,US Highway,1,Rural,3,Principal Arterial - Other,1,State Highway Agency,1,This section IS ON the NHS,0,No Special Jurisdiction,2198,2198,29.75835833,29.75835833,-90.55369167,-90.55369167,12,Motor Vehicle In-Transport,6,Angle,0,No,2,Intersection,3,T-Intersection,1,On Roadway,0,None,4,Dawn,1,Clear,0,No,0000000,Not Applicable,99,Unknown,99,Unknown,99,Unknown EMS Scene Arrival Hour,99,Unknown EMS Scene Arrival Minutes,99,Unknown,99,Unknown EMS Hospital Arrival Time,1
22,Louisiana,220631,0,0,2,2,0,2,2,55,LAFAYETTE (55),1230,LAFAYETTE,10,October,20,20,5,Thursday,2022,10,10:00am-10:59am,31,31,CAMELLIA ROAD,EASTLAND ROAD,6,Local Street - Municipality,2,Urban,7,Local,4,City or Municipal Highway Agency,0,This section IS NOT on the NHS,0,No Special Jurisdiction,0,None,30.19179167,30.19179167,-92.05645833,-92.05645833,1,Rollover/Overturn,0,The First Harmful Event was Not a Collision with a Motor Vehicle in Transport,0,No,2,Intersection,2,Four-Way Intersection,1,On Roadway,0,None,1,Daylight,1,Clear,0,No,0000000,Not Applicable,99,Unknown,98,Unknown if Notified,99,Unknown EMS Scene Arrival Hour,98,Unknown if Arrived,88,Not Applicable (Not Transported),88,Not Applicable (Not Transported),1
22,Louisiana,220632,1,1,1,1,0,1,1,33,EAST BATON ROUGE (33),0,NOT APPLICABLE,10,October,20,20,5,Thursday,2022,10,10:00am-10:59am,46,46,CR-ONEAL LANE,US-190,4,County Road,1,Rural,7,Local,2,County Highway Agency,0,This section IS NOT on the NHS,0,No Special Jurisdiction,0,None,30.46604722,30.46604722,-91.01006111,-91.01006111,8,Pedestrian,0,The First Harmful Event was Not a Collision with a Motor Vehicle in Transport,0,No,3,Intersection-Related,2,Four-Way Intersection,1,On Roadway,0,None,1,Daylight,1,Clear,0,No,0000000,Not Applicable,10,10:00am-10:59am,46,46,10,10:00am-10:59am,48,48,11,11:00am-11:59am,7,7,1
22,Louisiana,220633,0,0,1,1,0,2,2,105,TANGIPAHOA (105),0,NOT APPLICABLE,10,October,20,20,5,Thursday,2022,13,1:00pm-1:59pm,34,34,CR-PONDERS QUARTERS LANE,NA,4,County Road,1,Rural,7,Local,2,County Highway Agency,0,This section IS NOT on the NHS,0,No Special Jurisdiction,0,None,30.68707222,30.68707222,-90.50800278,-90.50800278,10,Railway Vehicle,0,The First Harmful Event was Not a Collision with a Motor Vehicle in Transport,0,No,6,Railway Grade Crossing,1,Not an Intersection,1,On Roadway,0,None,1,Daylight,1,Clear,0,No,300170X,300170X,99,Unknown,99,Unknown,99,Unknown EMS Scene Arrival Hour,99,Unknown EMS Scene Arrival Minutes,99,Unknown,99,Unknown EMS Hospital Arrival Time,1
22,Louisiana,220634,0,0,1,1,0,1,1,97,ST. LANDRY (97),0,NOT APPLICABLE,10,October,20,20,5,Thursday,2022,22,10:00pm-10:59pm,26,26,CR-BEARB ROAD,SR-356,4,County Road,1,Rural,7,Local,2,County Highway Agency,0,This section IS NOT on the NHS,0,No Special Jurisdiction,0,None,30.37137222,30.37137222,-92.15037778,-92.15037778,38,Fence,0,The First Harmful Event was Not a Collision with a Motor Vehicle in Transport,0,No,3,Intersection-Related,3,T-Intersection,4,On Roadside,0,None,2,Dark - Not Lighted,1,Clear,0,No,0000000,Not Applicable,99,Unknown,99,Unknown,99,Unknown EMS Scene Arrival Hour,99,Unknown EMS Scene Arrival Minutes,99,Unknown,99,Unknown EMS Hospital Arrival Time,1
22,Louisiana,220635,0,0,1,1,0,1,1,115,VERNON (115),0,NOT APPLICABLE,10,October,20,20,5,Thursday,2022,23,11:00pm-11:59pm,10,10,SR-1146,NA,3,State Highway,1,Rural,5,Major Collector,1,State Highway Agency,0,This section IS NOT on the NHS,0,No Special Jurisdiction,48,48,30.91221667,30.91221667,-93.23570278,-93.23570278,42,Tree (Standing Only),0,The First Harmful Event was Not a Collision with a Motor Vehicle in Transport,0,No,1,Non-Junction,1,Not an Intersection,4,On Roadside,0,None,2,Dark - Not Lighted,1,Clear,0,No,0000000,Not Applicable,99,Unknown,98,Unknown if Notified,99,Unknown EMS Scene Arrival Hour,98,Unknown if Arrived,88,Not Applicable (Not Transported),88,Not Applicable (Not Transported),1
22,Louisiana,220636,0,0,1,1,0,1,1,117,WASHINGTON (117),0,NOT APPLICABLE,10,October,21,21,6,Friday,2022,2,2:00am-2:59am,35,35,SR-16,NA,3,State Highway,1,Rural,4,Minor Arterial,1,State Highway Agency,0,This section IS NOT on the NHS,0,No Special Jurisdiction,247,247,30.82729167,30.82729167,-90.17528611,-90.17528611,42,Tree (Standing Only),0,The First Harmful Event was Not a Collision with a Motor Vehicle in Transport,0,No,1,Non-Junction,1,Not an Intersection,4,On Roadside,0,None,2,Dark - Not Lighted,1,Clear,0,No,0000000,Not Applicable,99,Unknown,98,Unknown if Notified,99,Unknown EMS Scene Arrival Hour,98,Unknown if Arrived,88,Not Applicable (Not Transported),88,Not Applicable (Not Transported),1
22,Louisiana,220637,1,1,1,1,0,1,1,5,ASCENSION (5),0,NOT APPLICABLE,10,October,19,19,4,Wednesday,2022,22,10:00pm-10:59pm,23,23,US-61,NA,2,US Highway,2,Urban,3,Principal Arterial - Other,1,State Highway Agency,1,This section IS ON the NHS,0,No Special Jurisdiction,637,637,30.32860556,30.32860556,-90.98291667,-90.98291667,8,Pedestrian,0,The First Harmful Event was Not a Collision with a Motor Vehicle in Transport,0,No,1,Non-Junction,1,Not an Intersection,1,On Roadway,0,None,2,Dark - Not Lighted,1,Clear,0,No,0000000,Not Applicable,99,Unknown,99,Unknown,99,Unknown EMS Scene Arrival Hour,99,Unknown EMS Scene Arrival Minutes,88,Not Applicable (Not Transported),88,Not Applicable (Not Transported),1
22,Louisiana,220638,0,0,1,1,0,1,1,17,CADDO (17),0,NOT APPLICABLE,10,October,22,22,7,Saturday,2022,22,10:00pm-10:59pm,9,9,SR-1,NA,3,State Highway,1,Rural,4,Minor Arterial,1,State Highway Agency,9,Unknown if this section is on the NHS,3,Indian Reservation,3754,3754,32.35058333,32.35058333,-93.62766111,-93.62766111,42,Tree (Standing Only),0,The First Harmful Event was Not a Collision with a Motor Vehicle in Transport,0,No,1,Non-Junction,1,Not an Intersection,4,On Roadside,0,None,2,Dark - Not Lighted,1,Clear,0,No,0000000,Not Applicable,88,Not Applicable (Not Notified),88,Not Applicable (Not Notified),88,Not Applicable,88,Not Applicable,88,Not Applicable (Not Transported),88,Not Applicable (Not Transported),1
22,Louisiana,220639,0,0,1,1,0,1,1,71,ORLEANS (71),1690,NEW ORLEANS,10,October,22,22,7,Saturday,2022,0,0:00am-0:59am,12,12,I-10,SOUTH CLAIBORNE AVENUE,1,Interstate,2,Urban,1,Interstate,1,State Highway Agency,1,This section IS ON the NHS,0,No Special Jurisdiction,2347,2347,29.95635278,29.95635278,-90.09196944,-90.09196944,23,Bridge Rail (Includes parapet),0,The First Harmful Event was Not a Collision with a Motor Vehicle in Transport,1,Yes,3,Intersection-Related,10,L-Intersection,4,On Roadside,0,None,3,Dark - Lighted,1,Clear,0,No,0000000,Not Applicable,99,Unknown,99,Unknown,99,Unknown EMS Scene Arrival Hour,99,Unknown EMS Scene Arrival Minutes,88,Not Applicable (Not Transported),88,Not Applicable (Not Transported),1
22,Louisiana,220640,0,0,1,1,0,1,1,51,JEFFERSON (51),9898,Not Reported,10,October,23,23,1,Sunday,2022,4,4:00am-4:59am,30,30,SR-611,NA,3,State Highway,2,Urban,4,Minor Arterial,1,State Highway Agency,0,This section IS NOT on the NHS,0,No Special Jurisdiction,20,20,29.95751944,29.95751944,-90.14051944,-90.14051944,18,Other Object (not fixed),0,The First Harmful Event was Not a Collision with a Motor Vehicle in Transport,0,No,1,Non-Junction,1,Not an Intersection,5,Outside Trafficway,0,None,3,Dark - Lighted,1,Clear,0,No,0000000,Not Applicable,99,Unknown,99,Unknown,99,Unknown EMS Scene Arrival Hour,99,Unknown EMS Scene Arrival Minutes,88,Not Applicable (Not Transported),88,Not Applicable (Not Transported),1
22,Louisiana,220641,0,0,2,2,0,2,2,101,ST. MARY (101),0,NOT APPLICABLE,10,October,23,23,1,Sunday,2022,14,2:00pm-2:59pm,26,26,SR-182,NA,3,State Highway,2,Urban,4,Minor Arterial,1,State Highway Agency,0,This section IS NOT on the NHS,0,No Special Jurisdiction,531,531,29.69709444,29.69709444,-91.21318611,-91.21318611,12,Motor Vehicle In-Transport,2,Front-to-Front,0,No,1,Non-Junction,1,Not an Intersection,1,On Roadway,0,None,1,Daylight,1,Clear,0,No,0000000,Not Applicable,88,Not Applicable (Not Notified),88,Not Applicable (Not Notified),88,Not Applicable,88,Not Applicable,88,Not Applicable (Not Transported),88,Not Applicable (Not Transported),1
22,Louisiana,220642,0,0,2,2,0,3,3,99,ST. MARTIN (99),0,NOT APPLICABLE,10,October,23,23,1,Sunday,2022,18,6:00pm-6:59pm,35,35,SR-70,NA,3,State Highway,1,Rural,4,Minor Arterial,1,State Highway Agency,0,This section IS NOT on the NHS,0,No Special Jurisdiction,56,56,29.74206944,29.74206944,-91.17568333,-91.17568333,12,Motor Vehicle In-Transport,6,Angle,0,No,1,Non-Junction,1,Not an Intersection,1,On Roadway,0,None,5,Dusk,1,Clear,0,No,0000000,Not Applicable,18,6:00pm-6:59pm,36,36,99,Unknown EMS Scene Arrival Hour,99,Unknown EMS Scene Arrival Minutes,99,Unknown,99,Unknown EMS Hospital Arrival Time,2
22,Louisiana,220643,0,0,1,1,0,2,2,39,EVANGELINE (39),0,NOT APPLICABLE,10,October,23,23,1,Sunday,2022,19,7:00pm-7:59pm,27,27,SR-115,NA,3,State Highway,1,Rural,6,Minor Collector,1,State Highway Agency,0,This section IS NOT on the NHS,0,No Special Jurisdiction,61,61,30.90310833,30.90310833,-92.30473889,-92.30473889,42,Tree (Standing Only),0,The First Harmful Event was Not a Collision with a Motor Vehicle in Transport,0,No,1,Non-Junction,1,Not an Intersection,4,On Roadside,0,None,2,Dark - Not Lighted,1,Clear,0,No,0000000,Not Applicable,19,7:00pm-7:59pm,34,34,20,8:00pm-8:59pm,7,7,20,8:00pm-8:59pm,57,57,1
22,Louisiana,220644,0,0,1,1,0,1,1,71,ORLEANS (71),1690,NEW ORLEANS,10,October,23,23,1,Sunday,2022,4,4:00am-4:59am,40,40,SR-39,GORDON STREET,3,State Highway,2,Urban,3,Principal Arterial - Other,1,State Highway Agency,1,This section IS ON the NHS,0,No Special Jurisdiction,508,508,29.96492778,29.96492778,-90.00980833,-90.00980833,42,Tree (Standing Only),0,The First Harmful Event was Not a Collision with a Motor Vehicle in Transport,1,Yes,3,Intersection-Related,2,Four-Way Intersection,5,Outside Trafficway,0,None,6,Dark - Unknown Lighting,1,Clear,0,No,0000000,Not Applicable,88,Not Applicable (Not Notified),88,Not Applicable (Not Notified),88,Not Applicable,88,Not Applicable,88,Not Applicable (Not Transported),88,Not Applicable (Not Transported),1
22,Louisiana,220645,0,0,2,2,0,3,3,55,LAFAYETTE (55),0,NOT APPLICABLE,10,October,24,24,2,Monday,2022,19,7:00pm-7:59pm,43,43,US-167,BOURQUE RD,2,US Highway,2,Urban,3,Principal Arterial - Other,1,State Highway Agency,1,This section IS ON the NHS,0,No Special Jurisdiction,115,115,30.13261111,30.13261111,-92.10876944,-92.10876944,12,Motor Vehicle In-Transport,6,Angle,1,Yes,2,Intersection,2,Four-Way Intersection,1,On Roadway,0,None,3,Dark - Lighted,1,Clear,0,No,0000000,Not Applicable,99,Unknown,99,Unknown,99,Unknown EMS Scene Arrival Hour,99,Unknown EMS Scene Arrival Minutes,88,Not Applicable (Not Transported),88,Not Applicable (Not Transported),1
22,Louisiana,220646,1,1,1,1,0,2,2,99,ST. MARTIN (99),0,NOT APPLICABLE,10,October,25,25,3,Tuesday,2022,2,2:00am-2:59am,3,3,I-10,NA,1,Interstate,2,Urban,1,Interstate,1,State Highway Agency,1,This section IS ON the NHS,0,No Special Jurisdiction,7,7,30.285375,30.285375,-91.93912222,-91.93912222,8,Pedestrian,0,The First Harmful Event was Not a Collision with a Motor Vehicle in Transport,0,No,1,Non-Junction,1,Not an Intersection,1,On Roadway,0,None,7,Other,1,Clear,0,No,0000000,Not Applicable,99,Unknown,99,Unknown,99,Unknown EMS Scene Arrival Hour,99,Unknown EMS Scene Arrival Minutes,99,Unknown,99,Unknown EMS Hospital Arrival Time,1
22,Louisiana,220647,0,0,1,1,0,1,1,109,TERREBONNE (109),0,NOT APPLICABLE,10,October,23,23,1,Sunday,2022,15,3:00pm-3:59pm,4,4,SR-24,SR-55,3,State Highway,2,Urban,4,Minor Arterial,1,State Highway Agency,0,This section IS NOT on the NHS,0,No Special Jurisdiction,0,None,29.547425,29.547425,-90.58708611,-90.58708611,31,"Post, Pole or Other Supports",0,The First Harmful Event was Not a Collision with a Motor Vehicle in Transport,0,No,3,Intersection-Related,3,T-Intersection,4,On Roadside,0,None,1,Daylight,1,Clear,0,No,0000000,Not Applicable,99,Unknown,99,Unknown,99,Unknown EMS Scene Arrival Hour,99,Unknown EMS Scene Arrival Minutes,99,Unknown,99,Unknown EMS Hospital Arrival Time,1
22,Louisiana,220648,0,0,1,1,0,1,1,51,JEFFERSON (51),0,NOT APPLICABLE,8,August,28,28,1,Sunday,2022,20,8:00pm-8:59pm,40,40,CR-DESTRAHAN AVE,NA,4,County Road,1,Rural,7,Local,2,County Highway Agency,0,This section IS NOT on the NHS,0,No Special Jurisdiction,0,None,29.89496111,29.89496111,-90.08069167,-90.08069167,33,Curb,0,The First Harmful Event was Not a Collision with a Motor Vehicle in Transport,0,No,1,Non-Junction,1,Not an Intersection,4,On Roadside,0,None,2,Dark - Not Lighted,1,Clear,0,No,0000000,Not Applicable,99,Unknown,99,Unknown,99,Unknown EMS Scene Arrival Hour,99,Unknown EMS Scene Arrival Minutes,88,Not Applicable (Not Transported),88,Not Applicable (Not Transported),1
22,Louisiana,220649,0,0,1,1,0,1,1,33,EAST BATON ROUGE (33),150,BATON ROUGE,9,September,4,4,1,Sunday,2022,16,4:00pm-4:59pm,24,24,SR-427,NA,3,State Highway,2,Urban,3,Principal Arterial - Other,1,State Highway Agency,1,This section IS ON the NHS,0,No Special Jurisdiction,10,10,30.42794722,30.42794722,-91.15209444,-91.15209444,38,Fence,0,The First Harmful Event was Not a Collision with a Motor Vehicle in Transport,0,No,1,Non-Junction,1,Not an Intersection,4,On Roadside,0,None,1,Daylight,2,Rain,0,No,0000000,Not Applicable,99,Unknown,99,Unknown,99,Unknown EMS Scene Arrival Hour,99,Unknown EMS Scene Arrival Minutes,99,Unknown,99,Unknown EMS Hospital Arrival Time,1
22,Louisiana,220650,0,0,2,2,0,2,2,19,CALCASIEU (19),0,NOT APPLICABLE,9,September,20,20,3,Tuesday,2022,6,6:00am-6:59am,25,25,US-171,PARISH ROAD,2,US Highway,2,Urban,3,Principal Arterial - Other,1,State Highway Agency,1,This section IS ON the NHS,0,No Special Jurisdiction,59,59,30.31744444,30.31744444,-93.19913611,-93.19913611,12,Motor Vehicle In-Transport,6,Angle,0,No,2,Intersection,3,T-Intersection,1,On Roadway,0,None,1,Daylight,1,Clear,0,No,0000000,Not Applicable,99,Unknown,99,Unknown,99,Unknown EMS Scene Arrival Hour,99,Unknown EMS Scene Arrival Minutes,88,Not Applicable (Not Transported),88,Not Applicable (Not Transported),1
22,Louisiana,220651,0,0,2,2,0,2,2,63,LIVINGSTON (63),0,NOT APPLICABLE,10,October,18,18,3,Tuesday,2022,15,3:00pm-3:59pm,27,27,SR-1024,FRIENDSHIP ROAD/MACK ROAD,3,State Highway,1,Rural,6,Minor Collector,1,State Highway Agency,0,This section IS NOT on the NHS,0,No Special Jurisdiction,77,77,30.561475,30.561475,-90.85435833,-90.85435833,12,Motor Vehicle In-Transport,6,Angle,0,No,2,Intersection,2,Four-Way Intersection,1,On Roadway,0,None,1,Daylight,1,Clear,0,No,0000000,Not Applicable,99,Unknown,99,Unknown,99,Unknown EMS Scene Arrival Hour,99,Unknown EMS Scene Arrival Minutes,99,Unknown,99,Unknown EMS Hospital Arrival Time,1
22,Louisiana,220652,0,0,1,1,0,1,1,105,TANGIPAHOA (105),0,NOT APPLICABLE,10,October,22,22,7,Saturday,2022,21,9:00pm-9:59pm,42,42,I-55,NA,1,Interstate,2,Urban,1,Interstate,1,State Highway Agency,1,This section IS ON the NHS,0,No Special Jurisdiction,286,286,30.46794722,30.46794722,-90.48159167,-90.48159167,35,Embankment,0,The First Harmful Event was Not a Collision with a Motor Vehicle in Transport,1,Yes,5,Entrance/Exit Ramp Related,1,Not an Intersection,4,On Roadside,0,None,2,Dark - Not Lighted,1,Clear,0,No,0000000,Not Applicable,99,Unknown,99,Unknown,99,Unknown EMS Scene Arrival Hour,99,Unknown EMS Scene Arrival Minutes,88,Not Applicable (Not Transported),88,Not Applicable (Not Transported),1
22,Louisiana,220653,1,1,1,1,0,1,1,71,ORLEANS (71),1690,NEW ORLEANS,10,October,23,23,1,Sunday,2022,21,9:00pm-9:59pm,57,57,US-90,NA,2,US Highway,2,Urban,3,Principal Arterial - Other,1,State Highway Agency,1,This section IS ON the NHS,0,No Special Jurisdiction,2574,2574,29.94568333,29.94568333,-90.08889722,-90.08889722,8,Pedestrian,0,The First Harmful Event was Not a Collision with a Motor Vehicle in Transport,0,No,1,Non-Junction,1,Not an Intersection,1,On Roadway,0,None,3,Dark - Lighted,1,Clear,0,No,0000000,Not Applicable,99,Unknown,99,Unknown,99,Unknown EMS Scene Arrival Hour,99,Unknown EMS Scene Arrival Minutes,88,Not Applicable (Not Transported),88,Not Applicable (Not Transported),1
22,Louisiana,220654,1,1,1,1,0,1,1,79,RAPIDES (79),0,NOT APPLICABLE,10,October,25,25,3,Tuesday,2022,5,5:00am-5:59am,5,5,SR-28,NA,3,State Highway,2,Urban,3,Principal Arterial - Other,1,State Highway Agency,1,This section IS ON the NHS,0,No Special Jurisdiction,447,447,31.29603889,31.29603889,-92.54207778,-92.54207778,8,Pedestrian,0,The First Harmful Event was Not a Collision with a Motor Vehicle in Transport,0,No,1,Non-Junction,1,Not an Intersection,1,On Roadway,0,None,2,Dark - Not Lighted,2,Rain,0,No,0000000,Not Applicable,99,Unknown,99,Unknown,99,Unknown EMS Scene Arrival Hour,99,Unknown EMS Scene Arrival Minutes,88,Not Applicable (Not Transported),88,Not Applicable (Not Transported),1
22,Louisiana,220655,0,0,2,2,0,3,3,103,ST. TAMMANY (103),0,NOT APPLICABLE,10,October,15,15,7,Saturday,2022,16,4:00pm-4:59pm,25,25,SR-1077,NA,3,State Highway,1,Rural,5,Major Collector,2,County Highway Agency,0,This section IS NOT on the NHS,0,No Special Jurisdiction,167,167,30.58475556,30.58475556,-90.22275556,-90.22275556,12,Motor Vehicle In-Transport,6,Angle,0,No,1,Non-Junction,1,Not an Intersection,1,On Roadway,0,None,1,Daylight,1,Clear,0,No,0000000,Not Applicable,99,Unknown,99,Unknown,99,Unknown EMS Scene Arrival Hour,99,Unknown EMS Scene Arrival Minutes,99,Unknown,99,Unknown EMS Hospital Arrival Time,1
22,Louisiana,220656,0,0,2,2,0,12,12,33,EAST BATON ROUGE (33),150,BATON ROUGE,10,October,26,26,4,Wednesday,2022,6,6:00am-6:59am,39,39,US-61,FERNWOOD DR,2,US Highway,2,Urban,3,Principal Arterial - Other,1,State Highway Agency,1,This section IS ON the NHS,0,No Special Jurisdiction,3,3,30.45199722,30.45199722,-91.10146111,-91.10146111,12,Motor Vehicle In-Transport,6,Angle,0,No,2,Intersection,3,T-Intersection,1,On Roadway,0,None,3,Dark - Lighted,1,Clear,1,Yes,0000000,Not Applicable,99,Unknown,99,Unknown,99,Unknown EMS Scene Arrival Hour,99,Unknown EMS Scene Arrival Minutes,99,Unknown,99,Unknown EMS Hospital Arrival Time,1
22,Louisiana,220657,0,0,2,1,1,1,1,57,LAFOURCHE (57),0,NOT APPLICABLE,10,October,27,27,5,Thursday,2022,14,2:00pm-2:59pm,4,4,SR-308,NA,3,State Highway,2,Urban,5,Major Collector,1,State Highway Agency,0,This section IS NOT on the NHS,0,No Special Jurisdiction,698,698,29.550175,29.550175,-90.34456389,-90.34456389,14,Parked Motor Vehicle,0,The First Harmful Event was Not a Collision with a Motor Vehicle in Transport,0,No,1,Non-Junction,1,Not an Intersection,2,On Shoulder,0,None,1,Daylight,1,Clear,0,No,0000000,Not Applicable,99,Unknown,99,Unknown,99,Unknown EMS Scene Arrival Hour,99,Unknown EMS Scene Arrival Minutes,99,Unknown,99,Unknown EMS Hospital Arrival Time,1
22,Louisiana,220658,0,0,2,2,0,7,7,21,CALDWELL (21),0,NOT APPLICABLE,10,October,27,27,5,Thursday,2022,17,5:00pm-5:59pm,3,3,SR-126,CUT-THRU ROAD,3,State Highway,2,Urban,4,Minor Arterial,1,State Highway Agency,0,This section IS NOT on the NHS,0,No Special Jurisdiction,536,536,32.06586667,32.06586667,-92.16555833,-92.16555833,7,Other Non-Collision,0,The First Harmful Event was Not a Collision with a Motor Vehicle in Transport,0,No,2,Intersection,3,T-Intersection,1,On Roadway,0,None,1,Daylight,1,Clear,0,No,0000000,Not Applicable,99,Unknown,99,Unknown,99,Unknown EMS Scene Arrival Hour,99,Unknown EMS Scene Arrival Minutes,99,Unknown,99,Unknown EMS Hospital Arrival Time,1
22,Louisiana,220659,0,0,1,1,0,1,1,105,TANGIPAHOA (105),0,NOT APPLICABLE,10,October,28,28,6,Friday,2022,17,5:00pm-5:59pm,29,29,CR-S LEWISTON ROAD,NA,4,County Road,1,Rural,7,Local,2,County Highway Agency,0,This section IS NOT on the NHS,0,No Special Jurisdiction,0,None,30.92415278,30.92415278,-90.41445,-90.41445,32,Culvert,0,The First Harmful Event was Not a Collision with a Motor Vehicle in Transport,0,No,1,Non-Junction,1,Not an Intersection,4,On Roadside,0,None,1,Daylight,1,Clear,0,No,0000000,Not Applicable,99,Unknown,99,Unknown,99,Unknown EMS Scene Arrival Hour,99,Unknown EMS Scene Arrival Minutes,88,Not Applicable (Not Transported),88,Not Applicable (Not Transported),1
22,Louisiana,220660,1,1,1,1,0,1,1,17,CADDO (17),0,NOT APPLICABLE,10,October,29,29,7,Saturday,2022,22,10:00pm-10:59pm,40,40,CR-MAYO ROAD,NA,4,County Road,1,Rural,7,Local,2,County Highway Agency,0,This section IS NOT on the NHS,0,No Special Jurisdiction,0,None,32.37659167,32.37659167,-93.75230833,-93.75230833,9,Pedalcyclist,0,The First Harmful Event was Not a Collision with a Motor Vehicle in Transport,0,No,1,Non-Junction,1,Not an Intersection,1,On Roadway,0,None,2,Dark - Not Lighted,1,Clear,0,No,0000000,Not Applicable,99,Unknown,99,Unknown,99,Unknown EMS Scene Arrival Hour,99,Unknown EMS Scene Arrival Minutes,99,Unknown,99,Unknown EMS Hospital Arrival Time,1
22,Louisiana,220661,0,0,1,1,0,2,2,47,IBERVILLE (47),0,NOT APPLICABLE,10,October,29,29,7,Saturday,2022,23,11:00pm-11:59pm,35,35,SR-77,NA,3,State Highway,1,Rural,5,Major Collector,1,State Highway Agency,0,This section IS NOT on the NHS,0,No Special Jurisdiction,279,279,30.47322778,30.47322778,-91.49883056,-91.49883056,1,Rollover/Overturn,0,The First Harmful Event was Not a Collision with a Motor Vehicle in Transport,0,No,1,Non-Junction,1,Not an Intersection,4,On Roadside,0,None,2,Dark - Not Lighted,1,Clear,0,No,0000000,Not Applicable,99,Unknown,99,Unknown,99,Unknown EMS Scene Arrival Hour,99,Unknown EMS Scene Arrival Minutes,99,Unknown,99,Unknown EMS Hospital Arrival Time,1
22,Louisiana,220662,0,0,2,2,0,2,2,19,CALCASIEU (19),0,NOT APPLICABLE,10,October,30,30,1,Sunday,2022,4,4:00am-4:59am,58,58,SR-378,NA,3,State Highway,1,Rural,3,Principal Arterial - Other,1,State Highway Agency,1,This section IS ON the NHS,0,No Special Jurisdiction,57,57,30.30076389,30.30076389,-93.23328889,-93.23328889,12,Motor Vehicle In-Transport,1,Front-to-Rear,0,No,1,Non-Junction,1,Not an Intersection,1,On Roadway,0,None,2,Dark - Not Lighted,1,Clear,0,No,0000000,Not Applicable,99,Unknown,99,Unknown,99,Unknown EMS Scene Arrival Hour,99,Unknown EMS Scene Arrival Minutes,99,Unknown,99,Unknown EMS Hospital Arrival Time,1
22,Louisiana,220663,0,0,2,2,0,2,2,69,NATCHITOCHES (69),0,NOT APPLICABLE,10,October,31,31,2,Monday,2022,7,7:00am-7:59am,2,2,US-84,NA,2,US Highway,1,Rural,3,Principal Arterial - Other,1,State Highway Agency,1,This section IS ON the NHS,0,No Special Jurisdiction,744,744,31.81946111,31.81946111,-92.99071389,-92.99071389,12,Motor Vehicle In-Transport,6,Angle,0,No,1,Non-Junction,1,Not an Intersection,1,On Roadway,0,None,4,Dawn,1,Clear,0,No,0000000,Not Applicable,99,Unknown,99,Unknown,99,Unknown EMS Scene Arrival Hour,99,Unknown EMS Scene Arrival Minutes,88,Not Applicable (Not Transported),88,Not Applicable (Not Transported),1
22,Louisiana,220664,0,0,1,1,0,1,1,127,WINN (127),0,NOT APPLICABLE,10,October,31,31,2,Monday,2022,7,7:00am-7:59am,25,25,US-71,NA,2,US Highway,1,Rural,4,Minor Arterial,1,State Highway Agency,0,This section IS NOT on the NHS,0,No Special Jurisdiction,1195,1195,31.76797222,31.76797222,-92.96881111,-92.96881111,23,Bridge Rail (Includes parapet),0,The First Harmful Event was Not a Collision with a Motor Vehicle in Transport,0,No,1,Non-Junction,1,Not an Intersection,4,On Roadside,0,None,1,Daylight,1,Clear,0,No,0000000,Not Applicable,99,Unknown,98,Unknown if Notified,99,Unknown EMS Scene Arrival Hour,98,Unknown if Arrived,88,Not Applicable (Not Transported),88,Not Applicable (Not Transported),1