STATE,STATENAME,ST_CASE,PEDS,PERNOTMVIT,VE_TOTAL,VE_FORMS,PVH_INVL,PERSONS,PERMVIT,COUNTY,COUNTYNAME,CITY,CITYNAME,MONTH,MONTHNAME,DAY,DAYNAME,DAY_WEEK,DAY_WEEKNAME,YEAR,HOUR,HOURNAME,MINUTE,MINUTENAME,TWAY_ID,TWAY_ID2,ROUTE,ROUTENAME,RUR_URB,RUR_URBNAME,FUNC_SYS,FUNC_SYSNAME,RD_OWNER,RD_OWNERNAME,NHS,NHSNAME,SP_JUR,SP_JURNAME,MILEPT,MILEPTNAME,LATITUDE,LATITUDENAME,LONGITUD,LONGITUDNAME,HARM_EV,HARM_EVNAME,MAN_COLL,MAN_COLLNAME,RELJCT1,RELJCT1NAME,RELJCT2,RELJCT2NAME,TYP_INT,TYP_INTNAME,REL_ROAD,REL_ROADNAME,WRK_ZONE,WRK_ZONENAME,LGT_COND,LGT_CONDNAME,WEATHER,WEATHERNAME,SCH_BUS,SCH_BUSNAME,RAIL,RAILNAME,NOT_HOUR,NOT_HOURNAME,NOT_MIN,NOT_MINNAME,ARR_HOUR,ARR_HOURNAME,ARR_MIN,ARR_MINNAME,HOSP_HR,HOSP_HRNAME,HOSP_MN,HOSP_MNNAME,FATALS
22,Louisiana,220700,0,0,1,1,0,1,1,119,WEBSTER (119),0,NOT APPLICABLE,11,November,22,22,3,Tuesday,2022,23,11:00pm-11:59pm,5,5,SR-159,NA,3,State Highway,1,Rural,5,Major Collector,1,State Highway Agency,0,This section IS NOT on the NHS,0,No Special Jurisdiction,536,536,32.91390278,32.91390278,-93.28093611,-93.28093611,32,Culvert,0,The First Harmful Event was Not a Collision with a Motor Vehicle in Transport,0,No,1,Non-Junction,1,Not an Intersection,4,On Roadside,0,None,2,Dark - Not Lighted,1,Clear,0,No,0000000,Not Applicable,88,Not Applicable (Not Notified),88,Not Applicable (Not Notified),88,Not Applicable,88,Not Applicable,88,Not Applicable (Not Transported),88,Not Applicable (Not Transported),1
22,Louisiana,220701,2,2,1,1,0,1,1,71,ORLEANS (71),1690,NEW ORLEANS,11,November,21,21,2,Monday,2022,17,5:00pm-5:59pm,52,52,I-10,NA,1,Interstate,2,Urban,1,Interstate,1,State Highway Agency,1,This section IS ON the NHS,0,No Special Jurisdiction,2437,2437,30.03084444,30.03084444,-89.99035556,-89.99035556,8,Pedestrian,0,The First Harmful Event was Not a Collision with a Motor Vehicle in Transport,0,No,1,Non-Junction,1,Not an Intersection,1,On Roadway,0,None,2,Dark - Not Lighted,1,Clear,0,No,0000000,Not Applicable,99,Unknown,99,Unknown,99,Unknown EMS Scene Arrival Hour,99,Unknown EMS Scene Arrival Minutes,88,Not Applicable (Not Transported),88,Not Applicable (Not Transported),1
22,Louisiana,220702,0,0,2,2,0,3,3,97,ST. LANDRY (97),0,NOT APPLICABLE,11,November,22,22,3,Tuesday,2022,17,5:00pm-5:59pm,30,30,US-71,NA,2,US Highway,1,Rural,4,Minor Arterial,1,State Highway Agency,0,This section IS NOT on the NHS,0,No Special Jurisdiction,35,35,30.58497222,30.58497222,-91.84765,-91.84765,12,Motor Vehicle In-Transport,2,Front-to-Front,0,No,1,Non-Junction,1,Not an Intersection,1,On Roadway,0,None,2,Dark - Not Lighted,1,Clear,0,No,0000000,Not Applicable,99,Unknown,99,Unknown,17,5:00pm-5:59pm,35,35,99,Unknown,99,Unknown EMS Hospital Arrival Time,1
22,Louisiana,220703,1,1,1,1,0,1,1,97,ST. LANDRY (97),0,NOT APPLICABLE,11,November,23,23,4,Wednesday,2022,18,6:00pm-6:59pm,34,34,US-190,NA,2,US Highway,2,Urban,2,Principal Arterial - Other Freeways and Expressways,1,State Highway Agency,1,This section IS ON the NHS,0,No Special Jurisdiction,1178,1178,30.53498056,30.53498056,-92.10768333,-92.10768333,8,Pedestrian,0,The First Harmful Event was Not a Collision with a Motor Vehicle in Transport,0,No,1,Non-Junction,1,Not an Intersection,1,On Roadway,0,None,3,Dark - Lighted,1,Clear,0,No,0000000,Not Applicable,99,Unknown,99,Unknown,99,Unknown EMS Scene Arrival Hour,99,Unknown EMS Scene Arrival Minutes,99,Unknown,99,Unknown EMS Hospital Arrival Time,1
22,Louisiana,220704,1,1,1,1,0,1,1,45,IBERIA (45),0,NOT APPLICABLE,11,November,25,25,6,Friday,2022,21,9:00pm-9:59pm,30,30,CR-BULL ISLAND RD,NA,4,County Road,1,Rural,7,Local,2,County Highway Agency,0,This section IS NOT on the NHS,0,No Special Jurisdiction,99999,Unknown,29.99643611,29.99643611,-91.96413333,-91.96413333,9,Pedalcyclist,0,The First Harmful Event was Not a Collision with a Motor Vehicle in Transport,0,No,1,Non-Junction,1,Not an Intersection,1,On Roadway,0,None,3,Dark - Lighted,2,Rain,0,No,0000000,Not Applicable,99,Unknown,99,Unknown,99,Unknown EMS Scene Arrival Hour,99,Unknown EMS Scene Arrival Minutes,88,Not Applicable (Not Transported),88,Not Applicable (Not Transported),1
22,Louisiana,220705,0,0,2,2,0,4,4,37,EAST FELICIANA (37),1110,JACKSON,11,November,25,25,6,Friday,2022,22,10:00pm-10:59pm,19,19,SR-10,NA,3,State Highway,1,Rural,4,Minor Arterial,1,State Highway Agency,0,This section IS NOT on the NHS,0,No Special Jurisdiction,1617,1617,30.83650278,30.83650278,-91.21216111,-91.21216111,12,Motor Vehicle In-Transport,2,Front-to-Front,0,No,1,Non-Junction,1,Not an Intersection,1,On Roadway,0,None,6,Dark - Unknown Lighting,10,Cloudy,0,No,0000000,Not Applicable,99,Unknown,99,Unknown,99,Unknown EMS Scene Arrival Hour,99,Unknown EMS Scene Arrival Minutes,99,Unknown,99,Unknown EMS Hospital Arrival Time,1
22,Louisiana,220706,1,1,2,2,0,4,4,15,BOSSIER (15),230,BOSSIER CITY,11,November,24,24,5,Thursday,2022,22,10:00pm-10:59pm,22,22,I-20,NA,1,Interstate,2,Urban,1,Interstate,1,State Highway Agency,1,This section IS ON the NHS,0,No Special Jurisdiction,203,203,32.51377222,32.51377222,-93.724075,-93.724075,8,Pedestrian,0,The First Harmful Event was Not a Collision with a Motor Vehicle in Transport,0,No,1,Non-Junction,1,Not an Intersection,1,On Roadway,0,None,3,Dark - Lighted,2,Rain,0,No,0000000,Not Applicable,88,Not Applicable (Not Notified),88,Not Applicable (Not Notified),88,Not Applicable,88,Not Applicable,88,Not Applicable (Not Transported),88,Not Applicable (Not Transported),1
22,Louisiana,220707,0,0,2,2,0,5,5,63,LIVINGSTON (63),0,NOT APPLICABLE,11,November,21,21,2,Monday,2022,14,2:00pm-2:59pm,9,9,SR-16,NA,3,State Highway,1,Rural,4,Minor Arterial,1,State Highway Agency,0,This section IS NOT on the NHS,0,No Special Jurisdiction,348,348,30.63038611,30.63038611,-90.91643333,-90.91643333,12,Motor Vehicle In-Transport,2,Front-to-Front,0,No,1,Non-Junction,1,Not an Intersection,2,On Shoulder,0,None,1,Daylight,10,Cloudy,0,No,0000000,Not Applicable,99,Unknown,99,Unknown,99,Unknown EMS Scene Arrival Hour,99,Unknown EMS Scene Arrival Minutes,99,Unknown,99,Unknown EMS Hospital Arrival Time,2
22,Louisiana,220708,1,1,1,1,0,1,1,117,WASHINGTON (117),0,NOT APPLICABLE,11,November,27,27,1,Sunday,2022,17,5:00pm-5:59pm,45,45,SR-21,NA,3,State Highway,1,Rural,3,Principal Arterial - Other,1,State Highway Agency,1,This section IS ON the NHS,0,No Special Jurisdiction,322,322,30.73369444,30.73369444,-89.85101389,-89.85101389,8,Pedestrian,0,The First Harmful Event was Not a Collision with a Motor Vehicle in Transport,0,No,1,Non-Junction,1,Not an Intersection,1,On Roadway,0,None,2,Dark - Not Lighted,10,Cloudy,0,No,0000000,Not Applicable,99,Unknown,99,Unknown,99,Unknown EMS Scene Arrival Hour,99,Unknown EMS Scene Arrival Minutes,99,Unknown,99,Unknown EMS Hospital Arrival Time,1
22,Louisiana,220709,0,0,1,1,0,1,1,69,NATCHITOCHES (69),0,NOT APPLICABLE,11,November,28,28,2,Monday,2022,19,7:00pm-7:59pm,55,55,SR-156,NA,3,State Highway,1,Rural,5,Major Collector,1,State Highway Agency,0,This section IS NOT on the NHS,0,No Special Jurisdiction,71,71,31.99703889,31.99703889,-92.94656389,-92.94656389,42,Tree (Standing Only),0,The First Harmful Event was Not a Collision with a Motor Vehicle in Transport,0,No,1,Non-Junction,1,Not an Intersection,5,Outside Trafficway,0,None,2,Dark - Not Lighted,1,Clear,0,No,0000000,Not Applicable,88,Not Applicable (Not Notified),88,Not Applicable (Not Notified),88,Not Applicable,88,Not Applicable,88,Not Applicable (Not Transported),88,Not Applicable (Not Transported),1
22,Louisiana,220710,0,0,1,1,0,1,1,17,CADDO (17),0,NOT APPLICABLE,11,November,30,30,4,Wednesday,2022,1,1:00am-1:59am,57,57,SR-2,NA,3,State Highway,1,Rural,4,Minor Arterial,1,State Highway Agency,0,This section IS NOT on the NHS,0,No Special Jurisdiction,35,35,32.81227222,32.81227222,-93.99994167,-93.99994167,42,Tree (Standing Only),0,The First Harmful Event was Not a Collision with a Motor Vehicle in Transport,0,No,1,Non-Junction,1,Not an Intersection,4,On Roadside,0,None,2,Dark - Not Lighted,2,Rain,0,No,0000000,Not Applicable,88,Not Applicable (Not Notified),88,Not Applicable (Not Notified),88,Not Applicable,88,Not Applicable,88,Not Applicable (Not Transported),88,Not Applicable (Not Transported),1
22,Louisiana,220711,0,0,2,2,0,2,2,55,LAFAYETTE (55),1230,LAFAYETTE,12,December,1,1,5,Thursday,2022,7,7:00am-7:59am,2,2,I-49 SERVICE ROAD,NA,1,Interstate,2,Urban,1,Interstate,1,State Highway Agency,1,This section IS ON the NHS,0,No Special Jurisdiction,17,17,30.27693333,30.27693333,-92.02017778,-92.02017778,12,Motor Vehicle In-Transport,6,Angle,0,No,8,Driveway Access Related,1,Not an Intersection,1,On Roadway,0,None,1,Daylight,1,Clear,0,No,0000000,Not Applicable,88,Not Applicable (Not Notified),88,Not Applicable (Not Notified),88,Not Applicable,88,Not Applicable,88,Not Applicable (Not Transported),88,Not Applicable (Not Transported),1
22,Louisiana,220712,0,0,2,1,1,2,2,71,ORLEANS (71),1690,NEW ORLEANS,12,December,4,4,1,Sunday,2022,5,5:00am-5:59am,4,4,SR-39,CR-TRICOU STREET,3,State Highway,2,Urban,3,Principal Arterial - Other,1,State Highway Agency,1,This section IS ON the NHS,0,No Special Jurisdiction,507,507,29.96381389,29.96381389,-90.00684722,-90.00684722,14,Parked Motor Vehicle,0,The First Harmful Event was Not a Collision with a Motor Vehicle in Transport,0,No,3,Intersection-Related,2,Four-Way Intersection,7,In Parking Lane/Zone,0,None,2,Dark - Not Lighted,1,Clear,0,No,0000000,Not Applicable,99,Unknown,99,Unknown,99,Unknown EMS Scene Arrival Hour,99,Unknown EMS Scene Arrival Minutes,99,Unknown,99,Unknown EMS Hospital Arrival Time,1
22,Louisiana,220713,0,0,2,2,0,3,3,31,DE SOTO (31),0,NOT APPLICABLE,12,December,6,6,3,Tuesday,2022,7,7:00am-7:59am,58,58,US-171,NA,2,US Highway,1,Rural,3,Principal Arterial - Other,1,State Highway Agency,1,This section IS ON the NHS,0,No Special Jurisdiction,1350,1350,31.92902778,31.92902778,-93.71508889,-93.71508889,12,Motor Vehicle In-Transport,1,Front-to-Rear,0,No,1,Non-Junction,1,Not an Intersection,1,On Roadway,0,None,1,Daylight,1,Clear,0,No,0000000,Not Applicable,99,Unknown,99,Unknown,99,Unknown EMS Scene Arrival Hour,99,Unknown EMS Scene Arrival Minutes,99,Unknown,99,Unknown EMS Hospital Arrival Time,1
22,Louisiana,220714,1,1,1,1,0,1,1,71,ORLEANS (71),1690,NEW ORLEANS,12,December,7,7,4,Wednesday,2022,6,6:00am-6:59am,22,22,SR-407,NA,3,State Highway,2,Urban,4,Minor Arterial,1,State Highway Agency,0,This section IS NOT on the NHS,0,No Special Jurisdiction,9,9,29.90746111,29.90746111,-89.98762222,-89.98762222,8,Pedestrian,0,The First Harmful Event was Not a Collision with a Motor Vehicle in Transport,0,No,1,Non-Junction,1,Not an Intersection,4,On Roadside,0,None,2,Dark - Not Lighted,5,"Fog, Smog, Smoke",0,No,0000000,Not Applicable,99,Unknown,99,Unknown,99,Unknown EMS Scene Arrival Hour,99,Unknown EMS Scene Arrival Minutes,88,Not Applicable (Not Transported),88,Not Applicable (Not Transported),1
22,Louisiana,220715,0,0,1,1,0,3,3,73,OUACHITA (73),0,NOT APPLICABLE,12,December,9,9,6,Friday,2022,23,11:00pm-11:59pm,43,43,US-80,NA,2,US Highway,1,Rural,5,Major Collector,1,State Highway Agency,0,This section IS NOT on the NHS,0,No Special Jurisdiction,1060,1060,32.51428889,32.51428889,-92.39886667,-92.39886667,42,Tree (Standing Only),0,The First Harmful Event was Not a Collision with a Motor Vehicle in Transport,0,No,1,Non-Junction,1,Not an Intersection,5,Outside Trafficway,0,None,2,Dark - Not Lighted,1,Clear,0,No,0000000,Not Applicable,99,Unknown,99,Unknown,99,Unknown EMS Scene Arrival Hour,99,Unknown EMS Scene Arrival Minutes,99,Unknown,99,Unknown EMS Hospital Arrival Time,1
22,Louisiana,220716,0,0,1,1,0,1,1,119,WEBSTER (119),0,NOT APPLICABLE,12,December,9,9,6,Friday,2022,5,5:00am-5:59am,50,50,US-371,NA,2,US Highway,1,Rural,4,Minor Arterial,1,State Highway Agency,0,This section IS NOT on the NHS,0,No Special Jurisdiction,395,395,32.44648611,32.44648611,-93.28063889,-93.28063889,42,Tree (Standing Only),0,The First Harmful Event was Not a Collision with a Motor Vehicle in Transport,0,No,1,Non-Junction,1,Not an Intersection,4,On Roadside,0,None,2,Dark - Not Lighted,1,Clear,0,No,0000000,Not Applicable,99,Unknown,99,Unknown,99,Unknown EMS Scene Arrival Hour,99,Unknown EMS Scene Arrival Minutes,99,Unknown,99,Unknown EMS Hospital Arrival Time,1
22,Louisiana,220717,0,0,1,1,0,1,1,73,OUACHITA (73),0,NOT APPLICABLE,12,December,11,11,1,Sunday,2022,1,1:00am-1:59am,54,54,CR-OLD NATCHITOCHES ROAD,NA,4,County Road,1,Rural,7,Local,2,County Highway Agency,0,This section IS NOT on the NHS,0,No Special Jurisdiction,0,None,32.49501389,32.49501389,-92.146025,-92.146025,38,Fence,0,The First Harmful Event was Not a Collision with a Motor Vehicle in Transport,0,No,1,Non-Junction,1,Not an Intersection,5,Outside Trafficway,0,None,2,Dark - Not Lighted,2,Rain,0,No,0000000,Not Applicable,1,1:00am-1:59am,99,Unknown,2,2:00am-2:59am,99,Unknown EMS Scene Arrival Minutes,2,2:00am-2:59am,99,Unknown EMS Hospital Arrival Time,1
22,Louisiana,220718,0,0,2,2,0,3,3,33,EAST BATON ROUGE (33),150,BATON ROUGE,8,August,1,1,2,Monday,2022,10,10:00am-10:59am,11,11,NORTH STREET,NA,6,Local Street - Municipality,2,Urban,7,Local,4,City or Municipal Highway Agency,0,This section IS NOT on the NHS,0,No Special Jurisdiction,0,None,30.45388056,30.45388056,-91.14150556,-91.14150556,12,Motor Vehicle In-Transport,6,Angle,0,No,8,Driveway Access Related,1,Not an Intersection,1,On Roadway,0,None,1,Daylight,1,Clear,0,No,0000000,Not Applicable,99,Unknown,99,Unknown,99,Unknown EMS Scene Arrival Hour,99,Unknown EMS Scene Arrival Minutes,99,Unknown,99,Unknown EMS Hospital Arrival Time,1
22,Louisiana,220719,0,0,3,3,0,3,3,33,EAST BATON ROUGE (33),150,BATON ROUGE,10,October,19,19,4,Wednesday,2022,17,5:00pm-5:59pm,47,47,I-12,NA,1,Interstate,1,Rural,1,Interstate,1,State Highway Agency,1,This section IS ON the NHS,0,No Special Jurisdiction,37,37,30.42881944,30.42881944,-91.06245556,-91.06245556,12,Motor Vehicle In-Transport,1,Front-to-Rear,0,No,1,Non-Junction,1,Not an Intersection,1,On Roadway,0,None,1,Daylight,1,Clear,0,No,0000000,Not Applicable,99,Unknown,99,Unknown,99,Unknown EMS Scene Arrival Hour,99,Unknown EMS Scene Arrival Minutes,99,Unknown,99,Unknown EMS Hospital Arrival Time,1
22,Louisiana,220720,0,0,2,2,0,2,2,7,ASSUMPTION (7),0,NOT APPLICABLE,10,October,23,23,1,Sunday,2022,4,4:00am-4:59am,54,54,SR-308,NA,3,State Highway,1,Rural,5,Major Collector,1,State Highway Agency,0,This section IS NOT on the NHS,0,No Special Jurisdiction,250,250,29.83526389,29.83526389,-90.94556667,-90.94556667,12,Motor Vehicle In-Transport,2,Front-to-Front,0,No,1,Non-Junction,1,Not an Intersection,1,On Roadway,0,None,3,Dark - Lighted,1,Clear,0,No,0000000,Not Applicable,99,Unknown,99,Unknown,99,Unknown EMS Scene Arrival Hour,99,Unknown EMS Scene Arrival Minutes,99,Unknown,99,Unknown EMS Hospital Arrival Time,1
22,Louisiana,220721,0,0,2,2,0,2,2,17,CADDO (17),0,NOT APPLICABLE,12,December,12,12,2,Monday,2022,7,7:00am-7:59am,7,7,CR-BUNCOMBE ROAD,NA,4,County Road,1,Rural,7,Local,2,County Highway Agency,0,This section IS NOT on the NHS,0,No Special Jurisdiction,0,None,32.38491667,32.38491667,-93.95776389,-93.95776389,12,Motor Vehicle In-Transport,2,Front-to-Front,0,No,1,Non-Junction,1,Not an Intersection,1,On Roadway,0,None,4,Dawn,2,Rain,0,No,0000000,Not Applicable,99,Unknown,99,Unknown,99,Unknown EMS Scene Arrival Hour,99,Unknown EMS Scene Arrival Minutes,99,Unknown,99,Unknown EMS Hospital Arrival Time,1
22,Louisiana,220722,0,0,2,2,0,2,2,3,ALLEN (3),1770,OBERLIN,12,December,12,12,2,Monday,2022,15,3:00pm-3:59pm,58,58,US-165,LAUDERDAL WOODYARD RD,2,US Highway,1,Rural,3,Principal Arterial - Other,1,State Highway Agency,1,This section IS ON the NHS,0,No Special Jurisdiction,261,261,30.56726944,30.56726944,-92.79681111,-92.79681111,12,Motor Vehicle In-Transport,6,Angle,0,No,2,Intersection,2,Four-Way Intersection,1,On Roadway,0,None,1,Daylight,1,Clear,0,No,0000000,Not Applicable,99,Unknown,99,Unknown,99,Unknown EMS Scene Arrival Hour,99,Unknown EMS Scene Arrival Minutes,88,Not Applicable (Not Transported),88,Not Applicable (Not Transported),1
22,Louisiana,220723,1,1,1,1,0,1,1,33,EAST BATON ROUGE (33),150,BATON ROUGE,12,December,12,12,2,Monday,2022,18,6:00pm-6:59pm,15,15,SR-61,DAWSON DRIVE,3,State Highway,2,Urban,3,Principal Arterial - Other,1,State Highway Agency,1,This section IS ON the NHS,0,No Special Jurisdiction,44,44,30.50694167,30.50694167,-91.15048056,-91.15048056,8,Pedestrian,0,The First Harmful Event was Not a Collision with a Motor Vehicle in Transport,0,No,2,Intersection,2,Four-Way Intersection,1,On Roadway,0,None,3,Dark - Lighted,1,Clear,0,No,0000000,Not Applicable,99,Unknown,99,Unknown,99,Unknown EMS Scene Arrival Hour,99,Unknown EMS Scene Arrival Minutes,88,Not Applicable (Not Transported),88,Not Applicable (Not Transported),1
22,Louisiana,220724,1,1,1,1,0,2,2,95,ST. JOHN THE BAPTIST (95),0,NOT APPLICABLE,12,December,12,12,2,Monday,2022,18,6:00pm-6:59pm,15,15,US-61,NA,2,US Highway,2,Urban,3,Principal Arterial - Other,1,State Highway Agency,1,This section IS ON the NHS,0,No Special Jurisdiction,283,283,30.07723611,30.07723611,-90.52161389,-90.52161389,8,Pedestrian,0,The First Harmful Event was Not a Collision with a Motor Vehicle in Transport,0,No,1,Non-Junction,1,Not an Intersection,1,On Roadway,0,None,2,Dark - Not Lighted,1,Clear,0,No,0000000,Not Applicable,99,Unknown,99,Unknown,99,Unknown EMS Scene Arrival Hour,99,Unknown EMS Scene Arrival Minutes,99,Unknown,99,Unknown EMS Hospital Arrival Time,1
22,Louisiana,220725,0,0,1,1,0,1,1,33,EAST BATON ROUGE (33),0,NOT APPLICABLE,12,December,14,14,4,Wednesday,2022,0,0:00am-0:59am,43,43,CR-PORT HUDON-PRIDE ROAD,NA,4,County Road,1,Rural,7,Local,2,County Highway Agency,0,This section IS NOT on the NHS,0,No Special Jurisdiction,0,None,30.69334167,30.69334167,-91.08320556,-91.08320556,34,Ditch,0,The First Harmful Event was Not a Collision with a Motor Vehicle in Transport,0,No,1,Non-Junction,1,Not an Intersection,4,On Roadside,0,None,2,Dark - Not Lighted,99,Reported as Unknown,0,No,0000000,Not Applicable,99,Unknown,99,Unknown,99,Unknown EMS Scene Arrival Hour,99,Unknown EMS Scene Arrival Minutes,88,Not Applicable (Not Transported),88,Not Applicable (Not Transported),1
22,Louisiana,220726,0,0,2,2,0,2,2,33,EAST BATON ROUGE (33),150,BATON ROUGE,12,December,14,14,4,Wednesday,2022,1,1:00am-1:59am,43,43,US-61,PRESCOTT,2,US Highway,2,Urban,3,Principal Arterial - Other,1,State Highway Agency,1,This section IS ON the NHS,0,No Special Jurisdiction,777,777,30.48841111,30.48841111,-91.12118056,-91.12118056,12,Motor Vehicle In-Transport,6,Angle,1,Yes,2,Intersection,2,Four-Way Intersection,1,On Roadway,0,None,3,Dark - Lighted,1,Clear,0,No,0000000,Not Applicable,99,Unknown,99,Unknown,99,Unknown EMS Scene Arrival Hour,99,Unknown EMS Scene Arrival Minutes,88,Not Applicable (Not Transported),88,Not Applicable (Not Transported),1
22,Louisiana,220727,2,2,4,4,0,4,4,71,ORLEANS (71),1690,NEW ORLEANS,12,December,25,25,1,Sunday,2022,1,1:00am-1:59am,21,21,I-10,NA,1,Interstate,2,Urban,1,Interstate,1,State Highway Agency,1,This section IS ON the NHS,0,No Special Jurisdiction,2357,2357,29.95821111,29.95821111,-90.07865278,-90.07865278,8,Pedestrian,0,The First Harmful Event was Not a Collision with a Motor Vehicle in Transport,0,No,1,Non-Junction,1,Not an Intersection,1,On Roadway,0,None,2,Dark - Not Lighted,1,Clear,0,No,0000000,Not Applicable,99,Unknown,99,Unknown,99,Unknown EMS Scene Arrival Hour,99,Unknown EMS Scene Arrival Minutes,99,Unknown,99,Unknown EMS Hospital Arrival Time,2
22,Louisiana,220728,0,0,2,2,0,4,4,121,WEST BATON ROUGE (121),280,BRUSLY,12,December,31,31,7,Saturday,2022,12,12:00pm-12:59pm,38,38,SR-1,ST FRANCIS,3,State Highway,2,Urban,3,Principal Arterial - Other,1,State Highway Agency,1,This section IS ON the NHS,0,No Special Jurisdiction,1453,1453,30.38649722,30.38649722,-91.24492222,-91.24492222,12,Motor Vehicle In-Transport,6,Angle,0,No,2,Intersection,2,Four-Way Intersection,1,On Roadway,0,None,1,Daylight,1,Clear,0,No,0000000,Not Applicable,99,Unknown,99,Unknown,99,Unknown EMS Scene Arrival Hour,99,Unknown EMS Scene Arrival Minutes,99,Unknown,99,Unknown EMS Hospital Arrival Time,2
22,Louisiana,220729,0,0,1,1,0,1,1,63,LIVINGSTON (63),0,NOT APPLICABLE,6,June,4,4,7,Saturday,2022,14,2:00pm-2:59pm,35,35,I-12,NA,1,Interstate,1,Rural,1,Interstate,1,State Highway Agency,1,This section IS ON the NHS,0,No Special Jurisdiction,163,163,30.47528889,30.47528889,-90.71713889,-90.71713889,26,Other Traffic Barrier,0,The First Harmful Event was Not a Collision with a Motor Vehicle in Transport,0,No,1,Non-Junction,1,Not an Intersection,3,On Median,0,None,1,Daylight,10,Cloudy,0,No,0000000,Not Applicable,15,3:00pm-3:59pm,21,21,15,3:00pm-3:59pm,36,36,16,4:00pm-4:59pm,7,7,1
22,Louisiana,220730,0,0,3,3,0,6,6,33,EAST BATON ROUGE (33),150,BATON ROUGE,9,September,10,10,7,Saturday,2022,5,5:00am-5:59am,55,55,US-61,NORTH 22ND STREET,2,US Highway,2,Urban,3,Principal Arterial - Other,1,State Highway Agency,1,This section IS ON the NHS,0,No Special Jurisdiction,41,41,30.449975,30.449975,-91.16597222,-91.16597222,12,Motor Vehicle In-Transport,2,Front-to-Front,0,No,2,Intersection,2,Four-Way Intersection,1,On Roadway,0,None,1,Daylight,1,Clear,0,No,0000000,Not Applicable,99,Unknown,99,Unknown,99,Unknown EMS Scene Arrival Hour,99,Unknown EMS Scene Arrival Minutes,99,Unknown,99,Unknown EMS Hospital Arrival Time,1
22,Louisiana,220731,1,1,1,1,0,1,1,71,ORLEANS (71),1690,NEW ORLEANS,9,September,20,20,3,Tuesday,2022,1,1:00am-1:59am,53,53,DECATUR STREET,ESPLANADE AVE,6,Local Street - Municipality,2,Urban,7,Local,4,City or Municipal Highway Agency,9,Unknown if this section is on the NHS,0,No Special Jurisdiction,99999,Unknown,29.96218056,29.96218056,-90.05795,-90.05795,9,Pedalcyclist,0,The First Harmful Event was Not a Collision with a Motor Vehicle in Transport,1,Yes,2,Intersection,7,"Five Point, or More",1,On Roadway,0,None,3,Dark - Lighted,1,Clear,0,No,0000000,Not Applicable,99,Unknown,99,Unknown,99,Unknown EMS Scene Arrival Hour,99,Unknown EMS Scene Arrival Minutes,99,Unknown,99,Unknown EMS Hospital Arrival Time,1
22,Louisiana,220732,1,1,1,1,0,1,1,33,EAST BATON ROUGE (33),150,BATON ROUGE,9,September,23,23,6,Friday,2022,10,10:00am-10:59am,46,46,SR-427,NA,3,State Highway,2,Urban,3,Principal Arterial - Other,1,State Highway Agency,1,This section IS ON the NHS,0,No Special Jurisdiction,13,13,30.42574722,30.42574722,-91.15061111,-91.15061111,9,Pedalcyclist,0,The First Harmful Event was Not a Collision with a Motor Vehicle in Transport,0,No,1,Non-Junction,1,Not an Intersection,1,On Roadway,0,None,1,Daylight,1,Clear,0,No,0000000,Not Applicable,99,Unknown,99,Unknown,99,Unknown EMS Scene Arrival Hour,99,Unknown EMS Scene Arrival Minutes,99,Unknown,99,Unknown EMS Hospital Arrival Time,1
22,Louisiana,220733,0,0,1,1,0,2,2,55,LAFAYETTE (55),2480,YOUNGSVILLE,9,September,23,23,6,Friday,2022,19,7:00pm-7:59pm,35,35,REVERE DRIVE,NA,5,Local Street - Township,6,Trafficway Not in State Inventory,96,Trafficway Not in State Inventory,96,Trafficway Not in State Inventory,0,This section IS NOT on the NHS,0,No Special Jurisdiction,99999,Unknown,30.098325,30.098325,-91.98868889,-91.98868889,32,Culvert,0,The First Harmful Event was Not a Collision with a Motor Vehicle in Transport,0,No,1,Non-Junction,1,Not an Intersection,4,On Roadside,0,None,6,Dark - Unknown Lighting,1,Clear,0,No,0000000,Not Applicable,99,Unknown,99,Unknown,99,Unknown EMS Scene Arrival Hour,99,Unknown EMS Scene Arrival Minutes,99,Unknown,99,Unknown EMS Hospital Arrival Time,1
22,Louisiana,220734,1,1,1,1,0,1,1,71,ORLEANS (71),1690,NEW ORLEANS,9,September,30,30,6,Friday,2022,8,8:00am-8:59am,0,0,I-610,NA,1,Interstate,2,Urban,1,Interstate,1,State Highway Agency,1,This section IS ON the NHS,0,No Special Jurisdiction,9,9,29.99475556,29.99475556,-90.10843333,-90.10843333,8,Pedestrian,0,The First Harmful Event was Not a Collision with a Motor Vehicle in Transport,1,Yes,5,Entrance/Exit Ramp Related,1,Not an Intersection,1,On Roadway,0,None,1,Daylight,1,Clear,0,No,0000000,Not Applicable,99,Unknown,99,Unknown,99,Unknown EMS Scene Arrival Hour,99,Unknown EMS Scene Arrival Minutes,99,Unknown,99,Unknown EMS Hospital Arrival Time,1
22,Louisiana,220735,0,0,1,1,0,1,1,109,TERREBONNE (109),1070,HOUMA,10,October,13,13,5,Thursday,2022,17,5:00pm-5:59pm,26,26,INDUSTRIAL BLVD,NA,6,Local Street - Municipality,2,Urban,7,Local,4,City or Municipal Highway Agency,0,This section IS NOT on the NHS,0,No Special Jurisdiction,99999,Unknown,29.573825,29.573825,-90.70649167,-90.70649167,31,"Post, Pole or Other Supports",0,The First Harmful Event was Not a Collision with a Motor Vehicle in Transport,0,No,1,Non-Junction,1,Not an Intersection,4,On Roadside,0,None,1,Daylight,1,Clear,0,No,0000000,Not Applicable,99,Unknown,99,Unknown,99,Unknown EMS Scene Arrival Hour,99,Unknown EMS Scene Arrival Minutes,99,Unknown,99,Unknown EMS Hospital Arrival Time,1